# Cook No Evil! · sokak modelleri
# YT-02 · Faz 0.5 yerleşimi: tüm statik örnekler yerinde (salon planı ekseni)
# birim m · Y yukarı · ön +Z · üçgen 5296
mtllib CNE_Sokak.mtl
v -30.00000 0.00000 -0.20000
v 40.00000 0.00000 -0.20000
v 40.00000 0.00000 -3.00000
v -30.00000 0.00000 -3.00000
v -30.00000 -0.15000 -3.20000
v -30.00000 -0.15000 -0.20000
v -30.00000 0.00000 -3.20000
v 40.00000 0.00000 -3.20000
v 40.00000 -0.15000 -0.20000
v 40.00000 -0.15000 -3.20000
v 40.00000 -0.15000 -12.70000
v -30.00000 -0.15000 -12.70000
v -30.00000 -0.14900 -9.14000
v 40.00000 -0.14900 -9.14000
v 40.00000 -0.14900 -9.26000
v -30.00000 -0.14900 -9.26000
v -30.00000 0.00000 -12.90000
v 40.00000 0.00000 -12.90000
v 40.00000 0.00000 -15.70000
v -30.00000 0.00000 -15.70000
v -30.00000 -0.15000 -15.70000
v -30.00000 0.00000 -12.70000
v 40.00000 0.00000 -12.70000
v 40.00000 -0.15000 -15.70000
v 22.00000 0.00000 -15.70000
v 22.20000 0.00000 -15.70000
v 27.80000 0.00000 -15.70000
v 28.00000 0.00000 -15.70000
v 28.00000 0.00000 -35.70000
v 27.80000 0.00000 -35.70000
v 22.20000 0.00000 -35.70000
v 22.00000 0.00000 -35.70000
v 22.20000 7.50000 -35.70000
v 22.20000 7.50000 -15.70000
v 22.00000 7.50000 -15.70000
v 22.00000 7.50000 -35.70000
v 27.80000 7.50000 -15.70000
v 27.80000 7.50000 -35.70000
v 28.00000 7.50000 -15.70000
v 28.00000 7.50000 -35.70000
v -30.00000 0.50000 -15.70000
v -27.00000 0.50000 -15.70000
v -27.00000 3.75000 -15.70000
v -30.00000 3.75000 -15.70000
v -30.00000 0.50000 -15.65000
v -27.00000 0.50000 -15.65000
v -30.00000 0.00000 -15.65000
v -27.00000 0.00000 -15.65000
v -27.00000 0.00000 -15.70000
v -30.00000 3.75000 -15.50000
v -30.00000 4.00000 -15.50000
v -30.00000 4.00000 -15.70000
v -27.00000 4.00000 -15.70000
v -27.00000 4.00000 -15.50000
v -27.00000 3.75000 -15.50000
v -27.00000 7.50000 -15.70000
v -30.00000 7.50000 -15.70000
v -30.00000 7.50000 -15.60000
v -30.00000 7.60000 -15.60000
v -30.00000 7.60000 -15.70000
v -27.00000 7.60000 -15.70000
v -27.00000 7.60000 -15.60000
v -27.00000 7.50000 -15.60000
v -29.00000 4.75000 -15.69000
v -28.00000 4.75000 -15.69000
v -28.00000 6.75000 -15.69000
v -29.00000 6.75000 -15.69000
v -24.00000 0.50000 -15.70000
v -24.00000 3.75000 -15.70000
v -24.00000 0.50000 -15.65000
v -24.00000 0.00000 -15.65000
v -24.00000 0.00000 -15.70000
v -24.00000 4.00000 -15.70000
v -24.00000 4.00000 -15.50000
v -24.00000 3.75000 -15.50000
v -24.00000 7.50000 -15.70000
v -24.00000 7.60000 -15.70000
v -24.00000 7.60000 -15.60000
v -24.00000 7.50000 -15.60000
v -26.00000 4.75000 -15.69000
v -25.00000 4.75000 -15.69000
v -25.00000 6.75000 -15.69000
v -26.00000 6.75000 -15.69000
v -21.00000 0.50000 -15.70000
v -21.00000 3.75000 -15.70000
v -21.00000 0.50000 -15.65000
v -21.00000 0.00000 -15.65000
v -21.00000 0.00000 -15.70000
v -21.00000 4.00000 -15.70000
v -21.00000 4.00000 -15.50000
v -21.00000 3.75000 -15.50000
v -21.00000 7.50000 -15.70000
v -21.00000 7.60000 -15.70000
v -21.00000 7.60000 -15.60000
v -21.00000 7.50000 -15.60000
v -23.00000 4.75000 -15.69000
v -22.00000 4.75000 -15.69000
v -22.00000 6.75000 -15.69000
v -23.00000 6.75000 -15.69000
v -18.00000 0.50000 -15.70000
v -18.00000 3.75000 -15.70000
v -18.00000 0.50000 -15.65000
v -18.00000 0.00000 -15.65000
v -18.00000 0.00000 -15.70000
v -18.00000 4.00000 -15.70000
v -18.00000 4.00000 -15.50000
v -18.00000 3.75000 -15.50000
v -18.00000 7.50000 -15.70000
v -18.00000 7.60000 -15.70000
v -18.00000 7.60000 -15.60000
v -18.00000 7.50000 -15.60000
v -20.00000 4.75000 -15.69000
v -19.00000 4.75000 -15.69000
v -19.00000 6.75000 -15.69000
v -20.00000 6.75000 -15.69000
v -17.60000 2.80000 -15.70000
v -13.80000 2.80000 -15.70000
v -13.80000 3.75000 -15.70000
v -17.60000 3.75000 -15.70000
v -13.80000 0.50000 -15.70000
v -13.60000 0.50000 -15.70000
v -13.60000 2.30000 -15.70000
v -13.80000 2.30000 -15.70000
v -13.60000 2.80000 -15.70000
v -13.60000 3.75000 -15.70000
v -12.60000 2.30000 -15.70000
v -12.60000 2.80000 -15.70000
v -12.60000 3.75000 -15.70000
v -12.60000 0.50000 -15.70000
v -12.40000 0.50000 -15.70000
v -12.40000 2.30000 -15.70000
v -12.40000 2.80000 -15.70000
v -12.40000 3.75000 -15.70000
v -18.00000 0.00000 -15.60000
v -18.00000 3.75000 -15.60000
v -17.60000 3.75000 -15.60000
v -17.60000 0.00000 -15.60000
v -17.60000 0.00000 -15.65000
v -17.60000 0.00000 -15.70000
v -17.60000 0.50000 -15.70000
v -12.40000 0.00000 -15.70000
v -12.40000 0.00000 -15.65000
v -12.40000 0.00000 -15.60000
v -12.40000 3.75000 -15.60000
v -12.00000 3.75000 -15.70000
v -12.00000 3.75000 -15.60000
v -12.00000 0.00000 -15.60000
v -12.00000 0.00000 -15.70000
v -17.60000 2.80000 -15.85000
v -17.60000 0.50000 -15.85000
v -13.80000 0.50000 -15.85000
v -13.80000 2.80000 -15.85000
v -13.60000 2.30000 -15.85000
v -13.60000 0.00000 -15.70000
v -13.60000 0.00000 -15.85000
v -12.60000 0.00000 -15.85000
v -12.60000 0.00000 -15.70000
v -12.60000 2.30000 -15.85000
v -17.60000 0.50000 -15.65000
v -13.60000 0.50000 -15.65000
v -13.60000 0.00000 -15.65000
v -12.60000 0.50000 -15.65000
v -12.40000 0.50000 -15.65000
v -12.60000 0.00000 -15.65000
v -12.00000 4.00000 -15.70000
v -12.00000 4.00000 -15.50000
v -12.00000 3.75000 -15.50000
v -12.00000 7.50000 -15.70000
v -12.00000 7.60000 -15.70000
v -12.00000 7.60000 -15.60000
v -12.00000 7.50000 -15.60000
v -17.00000 4.75000 -15.69000
v -16.00000 4.75000 -15.69000
v -16.00000 6.75000 -15.69000
v -17.00000 6.75000 -15.69000
v -14.00000 4.75000 -15.69000
v -13.00000 4.75000 -15.69000
v -13.00000 6.75000 -15.69000
v -14.00000 6.75000 -15.69000
v -16.50000 3.15000 -15.70000
v -16.50000 3.15000 -15.64000
v -16.50000 3.65000 -15.64000
v -16.50000 3.65000 -15.70000
v -13.50000 3.65000 -15.70000
v -13.50000 3.65000 -15.64000
v -13.50000 3.15000 -15.64000
v -13.50000 3.15000 -15.70000
v -16.45000 3.20000 -15.63850
v -13.55000 3.20000 -15.63850
v -13.55000 3.60000 -15.63850
v -16.45000 3.60000 -15.63850
v -17.95000 2.85000 -15.10000
v -13.45000 2.85000 -15.10000
v -13.45000 3.05000 -15.70000
v -17.95000 3.05000 -15.70000
v -17.95000 3.04500 -15.70000
v -13.45000 3.04500 -15.70000
v -13.45000 2.84500 -15.10000
v -17.95000 2.84500 -15.10000
v -17.95000 2.55000 -14.50000
v -13.45000 2.55000 -14.50000
v -13.45000 2.54500 -14.50000
v -17.95000 2.54500 -14.50000
v -17.95000 2.40000 -14.50000
v -13.45000 2.40000 -14.50000
v -17.94500 2.55000 -14.50500
v -13.45500 2.55000 -14.50500
v -13.45500 2.40500 -14.50500
v -17.94500 2.40500 -14.50500
v -17.94500 3.05000 -15.70000
v -17.94500 2.85000 -15.10000
v -17.94500 2.55000 -14.50000
v -17.94500 2.40000 -14.50000
v -13.45500 2.40000 -14.50000
v -13.45500 2.55000 -14.50000
v -13.45500 2.85000 -15.10000
v -13.45500 3.05000 -15.70000
v -11.60000 2.80000 -15.70000
v -8.60000 2.80000 -15.70000
v -8.60000 3.75000 -15.70000
v -11.60000 3.75000 -15.70000
v -8.60000 0.50000 -15.70000
v -8.50000 0.50000 -15.70000
v -8.50000 2.30000 -15.70000
v -8.60000 2.30000 -15.70000
v -8.50000 2.80000 -15.70000
v -8.50000 3.75000 -15.70000
v -7.50000 2.30000 -15.70000
v -7.50000 2.80000 -15.70000
v -7.50000 3.75000 -15.70000
v -7.50000 0.50000 -15.70000
v -7.40000 0.50000 -15.70000
v -7.40000 2.30000 -15.70000
v -7.40000 2.80000 -15.70000
v -7.40000 3.75000 -15.70000
v -4.40000 2.80000 -15.70000
v -4.40000 3.75000 -15.70000
v -11.60000 3.75000 -15.60000
v -11.60000 0.00000 -15.60000
v -11.60000 0.00000 -15.65000
v -11.60000 0.00000 -15.70000
v -11.60000 0.50000 -15.70000
v -4.40000 0.00000 -15.70000
v -4.40000 0.00000 -15.65000
v -4.40000 0.00000 -15.60000
v -4.40000 3.75000 -15.60000
v -4.40000 0.50000 -15.70000
v -4.00000 3.75000 -15.70000
v -4.00000 3.75000 -15.60000
v -4.00000 0.00000 -15.60000
v -4.00000 0.00000 -15.70000
v -11.60000 2.80000 -15.85000
v -11.60000 0.50000 -15.85000
v -8.60000 0.50000 -15.85000
v -8.60000 2.80000 -15.85000
v -7.40000 2.80000 -15.85000
v -7.40000 0.50000 -15.85000
v -4.40000 0.50000 -15.85000
v -4.40000 2.80000 -15.85000
v -8.50000 2.30000 -15.85000
v -8.50000 0.00000 -15.70000
v -8.50000 0.00000 -15.85000
v -7.50000 0.00000 -15.85000
v -7.50000 0.00000 -15.70000
v -7.50000 2.30000 -15.85000
v -11.60000 0.50000 -15.65000
v -8.50000 0.50000 -15.65000
v -8.50000 0.00000 -15.65000
v -7.50000 0.50000 -15.65000
v -4.40000 0.50000 -15.65000
v -7.50000 0.00000 -15.65000
v -4.00000 4.00000 -15.70000
v -4.00000 4.00000 -15.50000
v -4.00000 3.75000 -15.50000
v -4.00000 7.50000 -15.70000
v -4.00000 7.60000 -15.70000
v -4.00000 7.60000 -15.60000
v -4.00000 7.50000 -15.60000
v -11.16667 4.75000 -15.69000
v -10.16667 4.75000 -15.69000
v -10.16667 6.75000 -15.69000
v -11.16667 6.75000 -15.69000
v -8.50000 4.75000 -15.69000
v -7.50000 4.75000 -15.69000
v -7.50000 6.75000 -15.69000
v -8.50000 6.75000 -15.69000
v -5.83333 4.75000 -15.69000
v -4.83333 4.75000 -15.69000
v -4.83333 6.75000 -15.69000
v -5.83333 6.75000 -15.69000
v -9.50000 3.15000 -15.70000
v -9.50000 3.15000 -15.64000
v -9.50000 3.65000 -15.64000
v -9.50000 3.65000 -15.70000
v -6.50000 3.65000 -15.70000
v -6.50000 3.65000 -15.64000
v -6.50000 3.15000 -15.64000
v -6.50000 3.15000 -15.70000
v -9.45000 3.20000 -15.63850
v -6.55000 3.20000 -15.63850
v -6.55000 3.60000 -15.63850
v -9.45000 3.60000 -15.63850
v -11.60000 2.85000 -15.10000
v -8.60000 2.85000 -15.10000
v -8.60000 3.05000 -15.70000
v -11.60000 3.05000 -15.70000
v -11.60000 3.04500 -15.70000
v -8.60000 3.04500 -15.70000
v -8.60000 2.84500 -15.10000
v -11.60000 2.84500 -15.10000
v -11.60000 2.55000 -14.50000
v -8.60000 2.55000 -14.50000
v -8.60000 2.54500 -14.50000
v -11.60000 2.54500 -14.50000
v -11.60000 2.40000 -14.50000
v -8.60000 2.40000 -14.50000
v -11.59500 2.55000 -14.50500
v -8.60500 2.55000 -14.50500
v -8.60500 2.40500 -14.50500
v -11.59500 2.40500 -14.50500
v -11.59500 3.05000 -15.70000
v -11.59500 2.85000 -15.10000
v -11.59500 2.55000 -14.50000
v -11.59500 2.40000 -14.50000
v -8.60500 2.40000 -14.50000
v -8.60500 2.55000 -14.50000
v -8.60500 2.85000 -15.10000
v -8.60500 3.05000 -15.70000
v -4.16000 2.50000 -14.90000
v -4.16000 2.51340 -14.85000
v -4.24000 2.51340 -14.85000
v -4.24000 2.50000 -14.90000
v -4.16000 2.55000 -14.81340
v -4.24000 2.55000 -14.81340
v -4.16000 2.60000 -14.80000
v -4.24000 2.60000 -14.80000
v -4.16000 3.60000 -14.80000
v -4.24000 3.60000 -14.80000
v -4.16000 3.65000 -14.81340
v -4.24000 3.65000 -14.81340
v -4.16000 3.68660 -14.85000
v -4.24000 3.68660 -14.85000
v -4.16000 3.70000 -14.90000
v -4.24000 3.70000 -14.90000
v -4.16000 3.70000 -15.40000
v -4.24000 3.70000 -15.40000
v -4.16000 3.68660 -15.45000
v -4.24000 3.68660 -15.45000
v -4.16000 3.65000 -15.48660
v -4.24000 3.65000 -15.48660
v -4.16000 3.60000 -15.50000
v -4.24000 3.60000 -15.50000
v -4.16000 2.60000 -15.50000
v -4.24000 2.60000 -15.50000
v -4.16000 2.55000 -15.48660
v -4.24000 2.55000 -15.48660
v -4.16000 2.51340 -15.45000
v -4.24000 2.51340 -15.45000
v -4.16000 2.50000 -15.40000
v -4.24000 2.50000 -15.40000
v -4.22000 3.78000 -15.60000
v -4.22000 3.78000 -14.74000
v -4.22000 3.82000 -14.74000
v -4.22000 3.82000 -15.60000
v -4.18000 3.82000 -15.60000
v -4.18000 3.82000 -14.74000
v -4.18000 3.78000 -14.74000
v -4.18000 3.78000 -15.60000
v -4.20800 3.70000 -15.38800
v -4.20800 3.70000 -15.37200
v -4.20800 3.78000 -15.37200
v -4.20800 3.78000 -15.38800
v -4.19200 3.78000 -15.38800
v -4.19200 3.78000 -15.37200
v -4.19200 3.70000 -15.37200
v -4.19200 3.70000 -15.38800
v -4.20800 3.70000 -14.92800
v -4.20800 3.70000 -14.91200
v -4.20800 3.78000 -14.91200
v -4.20800 3.78000 -14.92800
v -4.19200 3.78000 -14.92800
v -4.19200 3.78000 -14.91200
v -4.19200 3.70000 -14.91200
v -4.19200 3.70000 -14.92800
v -4.25000 3.72000 -15.60000
v -4.25000 3.72000 -15.58000
v -4.25000 3.88000 -15.58000
v -4.25000 3.88000 -15.60000
v -4.15000 3.88000 -15.60000
v -4.15000 3.88000 -15.58000
v -4.15000 3.72000 -15.58000
v -4.15000 3.72000 -15.60000
v -4.00000 0.50000 -15.70000
v -1.00000 0.50000 -15.70000
v -1.00000 3.75000 -15.70000
v -4.00000 0.50000 -15.65000
v -1.00000 0.50000 -15.65000
v -4.00000 0.00000 -15.65000
v -1.00000 0.00000 -15.65000
v -1.00000 0.00000 -15.70000
v -1.00000 4.00000 -15.70000
v -1.00000 4.00000 -15.50000
v -1.00000 3.75000 -15.50000
v -1.00000 7.50000 -15.70000
v -1.00000 7.60000 -15.70000
v -1.00000 7.60000 -15.60000
v -1.00000 7.50000 -15.60000
v -3.00000 4.75000 -15.69000
v -2.00000 4.75000 -15.69000
v -2.00000 6.75000 -15.69000
v -3.00000 6.75000 -15.69000
v 2.00000 0.50000 -15.70000
v 2.00000 3.75000 -15.70000
v 2.00000 0.50000 -15.65000
v 2.00000 0.00000 -15.65000
v 2.00000 0.00000 -15.70000
v 2.00000 4.00000 -15.70000
v 2.00000 4.00000 -15.50000
v 2.00000 3.75000 -15.50000
v 2.00000 7.50000 -15.70000
v 2.00000 7.60000 -15.70000
v 2.00000 7.60000 -15.60000
v 2.00000 7.50000 -15.60000
v 0.00000 4.75000 -15.69000
v 1.00000 4.75000 -15.69000
v 1.00000 6.75000 -15.69000
v 0.00000 6.75000 -15.69000
v 5.00000 0.50000 -15.70000
v 5.00000 3.75000 -15.70000
v 5.00000 0.50000 -15.65000
v 5.00000 0.00000 -15.65000
v 5.00000 0.00000 -15.70000
v 5.00000 4.00000 -15.70000
v 5.00000 4.00000 -15.50000
v 5.00000 3.75000 -15.50000
v 5.00000 7.50000 -15.70000
v 5.00000 7.60000 -15.70000
v 5.00000 7.60000 -15.60000
v 5.00000 7.50000 -15.60000
v 3.00000 4.75000 -15.69000
v 4.00000 4.75000 -15.69000
v 4.00000 6.75000 -15.69000
v 3.00000 6.75000 -15.69000
v 8.00000 0.50000 -15.70000
v 8.00000 3.75000 -15.70000
v 8.00000 0.50000 -15.65000
v 8.00000 0.00000 -15.65000
v 8.00000 0.00000 -15.70000
v 8.00000 4.00000 -15.70000
v 8.00000 4.00000 -15.50000
v 8.00000 3.75000 -15.50000
v 8.00000 7.50000 -15.70000
v 8.00000 7.60000 -15.70000
v 8.00000 7.60000 -15.60000
v 8.00000 7.50000 -15.60000
v 6.00000 4.75000 -15.69000
v 7.00000 4.75000 -15.69000
v 7.00000 6.75000 -15.69000
v 6.00000 6.75000 -15.69000
v 8.40000 2.80000 -15.70000
v 12.20000 2.80000 -15.70000
v 12.20000 3.75000 -15.70000
v 8.40000 3.75000 -15.70000
v 12.20000 0.50000 -15.70000
v 12.40000 0.50000 -15.70000
v 12.40000 2.30000 -15.70000
v 12.20000 2.30000 -15.70000
v 12.40000 2.80000 -15.70000
v 12.40000 3.75000 -15.70000
v 13.40000 2.30000 -15.70000
v 13.40000 2.80000 -15.70000
v 13.40000 3.75000 -15.70000
v 13.40000 0.50000 -15.70000
v 13.60000 0.50000 -15.70000
v 13.60000 2.30000 -15.70000
v 13.60000 2.80000 -15.70000
v 13.60000 3.75000 -15.70000
v 8.00000 0.00000 -15.60000
v 8.00000 3.75000 -15.60000
v 8.40000 3.75000 -15.60000
v 8.40000 0.00000 -15.60000
v 8.40000 0.00000 -15.65000
v 8.40000 0.00000 -15.70000
v 8.40000 0.50000 -15.70000
v 13.60000 0.00000 -15.70000
v 13.60000 0.00000 -15.65000
v 13.60000 0.00000 -15.60000
v 13.60000 3.75000 -15.60000
v 14.00000 3.75000 -15.70000
v 14.00000 3.75000 -15.60000
v 14.00000 0.00000 -15.60000
v 14.00000 0.00000 -15.70000
v 8.40000 2.80000 -15.85000
v 8.40000 0.50000 -15.85000
v 12.20000 0.50000 -15.85000
v 12.20000 2.80000 -15.85000
v 12.40000 2.30000 -15.85000
v 12.40000 0.00000 -15.70000
v 12.40000 0.00000 -15.85000
v 13.40000 0.00000 -15.85000
v 13.40000 0.00000 -15.70000
v 13.40000 2.30000 -15.85000
v 8.40000 0.50000 -15.65000
v 12.40000 0.50000 -15.65000
v 12.40000 0.00000 -15.65000
v 13.40000 0.50000 -15.65000
v 13.60000 0.50000 -15.65000
v 13.40000 0.00000 -15.65000
v 14.00000 4.00000 -15.70000
v 14.00000 4.00000 -15.50000
v 14.00000 3.75000 -15.50000
v 14.00000 7.50000 -15.70000
v 14.00000 7.60000 -15.70000
v 14.00000 7.60000 -15.60000
v 14.00000 7.50000 -15.60000
v 9.00000 4.75000 -15.69000
v 10.00000 4.75000 -15.69000
v 10.00000 6.75000 -15.69000
v 9.00000 6.75000 -15.69000
v 12.00000 4.75000 -15.69000
v 13.00000 4.75000 -15.69000
v 13.00000 6.75000 -15.69000
v 12.00000 6.75000 -15.69000
v 9.50000 3.15000 -15.70000
v 9.50000 3.15000 -15.64000
v 9.50000 3.65000 -15.64000
v 9.50000 3.65000 -15.70000
v 12.50000 3.65000 -15.70000
v 12.50000 3.65000 -15.64000
v 12.50000 3.15000 -15.64000
v 12.50000 3.15000 -15.70000
v 9.55000 3.20000 -15.63850
v 12.45000 3.20000 -15.63850
v 12.45000 3.60000 -15.63850
v 9.55000 3.60000 -15.63850
v 8.80000 2.85000 -15.10000
v 11.80000 2.85000 -15.10000
v 11.80000 3.05000 -15.70000
v 8.80000 3.05000 -15.70000
v 8.80000 3.04500 -15.70000
v 11.80000 3.04500 -15.70000
v 11.80000 2.84500 -15.10000
v 8.80000 2.84500 -15.10000
v 8.80000 2.55000 -14.50000
v 11.80000 2.55000 -14.50000
v 11.80000 2.54500 -14.50000
v 8.80000 2.54500 -14.50000
v 8.80000 2.40000 -14.50000
v 11.80000 2.40000 -14.50000
v 8.80500 2.55000 -14.50500
v 11.79500 2.55000 -14.50500
v 11.79500 2.40500 -14.50500
v 8.80500 2.40500 -14.50500
v 8.80500 3.05000 -15.70000
v 8.80500 2.85000 -15.10000
v 8.80500 2.55000 -14.50000
v 8.80500 2.40000 -14.50000
v 11.79500 2.40000 -14.50000
v 11.79500 2.55000 -14.50000
v 11.79500 2.85000 -15.10000
v 11.79500 3.05000 -15.70000
v 14.40000 2.80000 -15.70000
v 17.40000 2.80000 -15.70000
v 17.40000 3.75000 -15.70000
v 14.40000 3.75000 -15.70000
v 17.40000 0.50000 -15.70000
v 17.50000 0.50000 -15.70000
v 17.50000 2.30000 -15.70000
v 17.40000 2.30000 -15.70000
v 17.50000 2.80000 -15.70000
v 17.50000 3.75000 -15.70000
v 18.50000 2.30000 -15.70000
v 18.50000 2.80000 -15.70000
v 18.50000 3.75000 -15.70000
v 18.50000 0.50000 -15.70000
v 18.60000 0.50000 -15.70000
v 18.60000 2.30000 -15.70000
v 18.60000 2.80000 -15.70000
v 18.60000 3.75000 -15.70000
v 21.60000 2.80000 -15.70000
v 21.60000 3.75000 -15.70000
v 14.40000 3.75000 -15.60000
v 14.40000 0.00000 -15.60000
v 14.40000 0.00000 -15.65000
v 14.40000 0.00000 -15.70000
v 14.40000 0.50000 -15.70000
v 21.60000 0.00000 -15.70000
v 21.60000 0.00000 -15.65000
v 21.60000 0.00000 -15.60000
v 21.60000 3.75000 -15.60000
v 21.60000 0.50000 -15.70000
v 22.00000 3.75000 -15.70000
v 22.00000 3.75000 -15.60000
v 22.00000 0.00000 -15.60000
v 14.40000 2.80000 -15.85000
v 14.40000 0.50000 -15.85000
v 17.40000 0.50000 -15.85000
v 17.40000 2.80000 -15.85000
v 18.60000 2.80000 -15.85000
v 18.60000 0.50000 -15.85000
v 21.60000 0.50000 -15.85000
v 21.60000 2.80000 -15.85000
v 17.50000 2.30000 -15.85000
v 17.50000 0.00000 -15.70000
v 17.50000 0.00000 -15.85000
v 18.50000 0.00000 -15.85000
v 18.50000 0.00000 -15.70000
v 18.50000 2.30000 -15.85000
v 14.40000 0.50000 -15.65000
v 17.50000 0.50000 -15.65000
v 17.50000 0.00000 -15.65000
v 18.50000 0.50000 -15.65000
v 21.60000 0.50000 -15.65000
v 18.50000 0.00000 -15.65000
v 22.00000 4.00000 -15.70000
v 22.00000 4.00000 -15.50000
v 22.00000 3.75000 -15.50000
v 22.00000 7.60000 -15.70000
v 22.00000 7.60000 -15.60000
v 22.00000 7.50000 -15.60000
v 14.83333 4.75000 -15.69000
v 15.83333 4.75000 -15.69000
v 15.83333 6.75000 -15.69000
v 14.83333 6.75000 -15.69000
v 17.50000 4.75000 -15.69000
v 18.50000 4.75000 -15.69000
v 18.50000 6.75000 -15.69000
v 17.50000 6.75000 -15.69000
v 20.16667 4.75000 -15.69000
v 21.16667 4.75000 -15.69000
v 21.16667 6.75000 -15.69000
v 20.16667 6.75000 -15.69000
v 16.50000 3.15000 -15.70000
v 16.50000 3.15000 -15.64000
v 16.50000 3.65000 -15.64000
v 16.50000 3.65000 -15.70000
v 19.50000 3.65000 -15.70000
v 19.50000 3.65000 -15.64000
v 19.50000 3.15000 -15.64000
v 19.50000 3.15000 -15.70000
v 16.55000 3.20000 -15.63850
v 19.45000 3.20000 -15.63850
v 19.45000 3.60000 -15.63850
v 16.55000 3.60000 -15.63850
v 14.40000 2.85000 -15.10000
v 17.40000 2.85000 -15.10000
v 17.40000 3.05000 -15.70000
v 14.40000 3.05000 -15.70000
v 14.40000 3.04500 -15.70000
v 17.40000 3.04500 -15.70000
v 17.40000 2.84500 -15.10000
v 14.40000 2.84500 -15.10000
v 14.40000 2.55000 -14.50000
v 17.40000 2.55000 -14.50000
v 17.40000 2.54500 -14.50000
v 14.40000 2.54500 -14.50000
v 14.40000 2.40000 -14.50000
v 17.40000 2.40000 -14.50000
v 14.40500 2.55000 -14.50500
v 17.39500 2.55000 -14.50500
v 17.39500 2.40500 -14.50500
v 14.40500 2.40500 -14.50500
v 14.40500 3.05000 -15.70000
v 14.40500 2.85000 -15.10000
v 14.40500 2.55000 -14.50000
v 14.40500 2.40000 -14.50000
v 17.39500 2.40000 -14.50000
v 17.39500 2.55000 -14.50000
v 17.39500 2.85000 -15.10000
v 17.39500 3.05000 -15.70000
v 21.84000 2.50000 -14.90000
v 21.84000 2.51340 -14.85000
v 21.76000 2.51340 -14.85000
v 21.76000 2.50000 -14.90000
v 21.84000 2.55000 -14.81340
v 21.76000 2.55000 -14.81340
v 21.84000 2.60000 -14.80000
v 21.76000 2.60000 -14.80000
v 21.84000 3.60000 -14.80000
v 21.76000 3.60000 -14.80000
v 21.84000 3.65000 -14.81340
v 21.76000 3.65000 -14.81340
v 21.84000 3.68660 -14.85000
v 21.76000 3.68660 -14.85000
v 21.84000 3.70000 -14.90000
v 21.76000 3.70000 -14.90000
v 21.84000 3.70000 -15.40000
v 21.76000 3.70000 -15.40000
v 21.84000 3.68660 -15.45000
v 21.76000 3.68660 -15.45000
v 21.84000 3.65000 -15.48660
v 21.76000 3.65000 -15.48660
v 21.84000 3.60000 -15.50000
v 21.76000 3.60000 -15.50000
v 21.84000 2.60000 -15.50000
v 21.76000 2.60000 -15.50000
v 21.84000 2.55000 -15.48660
v 21.76000 2.55000 -15.48660
v 21.84000 2.51340 -15.45000
v 21.76000 2.51340 -15.45000
v 21.84000 2.50000 -15.40000
v 21.76000 2.50000 -15.40000
v 21.78000 3.78000 -15.60000
v 21.78000 3.78000 -14.74000
v 21.78000 3.82000 -14.74000
v 21.78000 3.82000 -15.60000
v 21.82000 3.82000 -15.60000
v 21.82000 3.82000 -14.74000
v 21.82000 3.78000 -14.74000
v 21.82000 3.78000 -15.60000
v 21.79200 3.70000 -15.38800
v 21.79200 3.70000 -15.37200
v 21.79200 3.78000 -15.37200
v 21.79200 3.78000 -15.38800
v 21.80800 3.78000 -15.38800
v 21.80800 3.78000 -15.37200
v 21.80800 3.70000 -15.37200
v 21.80800 3.70000 -15.38800
v 21.79200 3.70000 -14.92800
v 21.79200 3.70000 -14.91200
v 21.79200 3.78000 -14.91200
v 21.79200 3.78000 -14.92800
v 21.80800 3.78000 -14.92800
v 21.80800 3.78000 -14.91200
v 21.80800 3.70000 -14.91200
v 21.80800 3.70000 -14.92800
v 21.75000 3.72000 -15.60000
v 21.75000 3.72000 -15.58000
v 21.75000 3.88000 -15.58000
v 21.75000 3.88000 -15.60000
v 21.85000 3.88000 -15.60000
v 21.85000 3.88000 -15.58000
v 21.85000 3.72000 -15.58000
v 21.85000 3.72000 -15.60000
v 28.40000 2.80000 -15.70000
v 32.20000 2.80000 -15.70000
v 32.20000 3.75000 -15.70000
v 28.40000 3.75000 -15.70000
v 32.20000 0.50000 -15.70000
v 32.40000 0.50000 -15.70000
v 32.40000 2.30000 -15.70000
v 32.20000 2.30000 -15.70000
v 32.40000 2.80000 -15.70000
v 32.40000 3.75000 -15.70000
v 33.40000 2.30000 -15.70000
v 33.40000 2.80000 -15.70000
v 33.40000 3.75000 -15.70000
v 33.40000 0.50000 -15.70000
v 33.60000 0.50000 -15.70000
v 33.60000 2.30000 -15.70000
v 33.60000 2.80000 -15.70000
v 33.60000 3.75000 -15.70000
v 28.00000 0.00000 -15.60000
v 28.00000 3.75000 -15.60000
v 28.00000 3.75000 -15.70000
v 28.40000 3.75000 -15.60000
v 28.40000 0.00000 -15.60000
v 28.40000 0.00000 -15.65000
v 28.40000 0.00000 -15.70000
v 28.40000 0.50000 -15.70000
v 33.60000 0.00000 -15.70000
v 33.60000 0.00000 -15.65000
v 33.60000 0.00000 -15.60000
v 33.60000 3.75000 -15.60000
v 34.00000 3.75000 -15.70000
v 34.00000 3.75000 -15.60000
v 34.00000 0.00000 -15.60000
v 34.00000 0.00000 -15.70000
v 28.40000 2.80000 -15.85000
v 28.40000 0.50000 -15.85000
v 32.20000 0.50000 -15.85000
v 32.20000 2.80000 -15.85000
v 32.40000 2.30000 -15.85000
v 32.40000 0.00000 -15.70000
v 32.40000 0.00000 -15.85000
v 33.40000 0.00000 -15.85000
v 33.40000 0.00000 -15.70000
v 33.40000 2.30000 -15.85000
v 28.40000 0.50000 -15.65000
v 32.40000 0.50000 -15.65000
v 32.40000 0.00000 -15.65000
v 33.40000 0.50000 -15.65000
v 33.60000 0.50000 -15.65000
v 33.40000 0.00000 -15.65000
v 28.00000 3.75000 -15.50000
v 28.00000 4.00000 -15.50000
v 28.00000 4.00000 -15.70000
v 34.00000 4.00000 -15.70000
v 34.00000 4.00000 -15.50000
v 34.00000 3.75000 -15.50000
v 34.00000 7.50000 -15.70000
v 28.00000 7.50000 -15.60000
v 28.00000 7.60000 -15.60000
v 28.00000 7.60000 -15.70000
v 34.00000 7.60000 -15.70000
v 34.00000 7.60000 -15.60000
v 34.00000 7.50000 -15.60000
v 29.00000 4.75000 -15.69000
v 30.00000 4.75000 -15.69000
v 30.00000 6.75000 -15.69000
v 29.00000 6.75000 -15.69000
v 32.00000 4.75000 -15.69000
v 33.00000 4.75000 -15.69000
v 33.00000 6.75000 -15.69000
v 32.00000 6.75000 -15.69000
v 29.50000 3.15000 -15.70000
v 29.50000 3.15000 -15.64000
v 29.50000 3.65000 -15.64000
v 29.50000 3.65000 -15.70000
v 32.50000 3.65000 -15.70000
v 32.50000 3.65000 -15.64000
v 32.50000 3.15000 -15.64000
v 32.50000 3.15000 -15.70000
v 29.55000 3.20000 -15.63850
v 32.45000 3.20000 -15.63850
v 32.45000 3.60000 -15.63850
v 29.55000 3.60000 -15.63850
v 28.24000 2.50000 -14.90000
v 28.24000 2.51340 -14.85000
v 28.16000 2.51340 -14.85000
v 28.16000 2.50000 -14.90000
v 28.24000 2.55000 -14.81340
v 28.16000 2.55000 -14.81340
v 28.24000 2.60000 -14.80000
v 28.16000 2.60000 -14.80000
v 28.24000 3.60000 -14.80000
v 28.16000 3.60000 -14.80000
v 28.24000 3.65000 -14.81340
v 28.16000 3.65000 -14.81340
v 28.24000 3.68660 -14.85000
v 28.16000 3.68660 -14.85000
v 28.24000 3.70000 -14.90000
v 28.16000 3.70000 -14.90000
v 28.24000 3.70000 -15.40000
v 28.16000 3.70000 -15.40000
v 28.24000 3.68660 -15.45000
v 28.16000 3.68660 -15.45000
v 28.24000 3.65000 -15.48660
v 28.16000 3.65000 -15.48660
v 28.24000 3.60000 -15.50000
v 28.16000 3.60000 -15.50000
v 28.24000 2.60000 -15.50000
v 28.16000 2.60000 -15.50000
v 28.24000 2.55000 -15.48660
v 28.16000 2.55000 -15.48660
v 28.24000 2.51340 -15.45000
v 28.16000 2.51340 -15.45000
v 28.24000 2.50000 -15.40000
v 28.16000 2.50000 -15.40000
v 28.18000 3.78000 -15.60000
v 28.18000 3.78000 -14.74000
v 28.18000 3.82000 -14.74000
v 28.18000 3.82000 -15.60000
v 28.22000 3.82000 -15.60000
v 28.22000 3.82000 -14.74000
v 28.22000 3.78000 -14.74000
v 28.22000 3.78000 -15.60000
v 28.19200 3.70000 -15.38800
v 28.19200 3.70000 -15.37200
v 28.19200 3.78000 -15.37200
v 28.19200 3.78000 -15.38800
v 28.20800 3.78000 -15.38800
v 28.20800 3.78000 -15.37200
v 28.20800 3.70000 -15.37200
v 28.20800 3.70000 -15.38800
v 28.19200 3.70000 -14.92800
v 28.19200 3.70000 -14.91200
v 28.19200 3.78000 -14.91200
v 28.19200 3.78000 -14.92800
v 28.20800 3.78000 -14.92800
v 28.20800 3.78000 -14.91200
v 28.20800 3.70000 -14.91200
v 28.20800 3.70000 -14.92800
v 28.15000 3.72000 -15.60000
v 28.15000 3.72000 -15.58000
v 28.15000 3.88000 -15.58000
v 28.15000 3.88000 -15.60000
v 28.25000 3.88000 -15.60000
v 28.25000 3.88000 -15.58000
v 28.25000 3.72000 -15.58000
v 28.25000 3.72000 -15.60000
v 34.00000 0.50000 -15.70000
v 37.00000 0.50000 -15.70000
v 37.00000 3.75000 -15.70000
v 34.00000 0.50000 -15.65000
v 37.00000 0.50000 -15.65000
v 34.00000 0.00000 -15.65000
v 37.00000 0.00000 -15.65000
v 37.00000 0.00000 -15.70000
v 37.00000 4.00000 -15.70000
v 37.00000 4.00000 -15.50000
v 37.00000 3.75000 -15.50000
v 37.00000 7.50000 -15.70000
v 37.00000 7.60000 -15.70000
v 37.00000 7.60000 -15.60000
v 37.00000 7.50000 -15.60000
v 35.00000 4.75000 -15.69000
v 36.00000 4.75000 -15.69000
v 36.00000 6.75000 -15.69000
v 35.00000 6.75000 -15.69000
v 40.00000 0.50000 -15.70000
v 40.00000 3.75000 -15.70000
v 40.00000 0.50000 -15.65000
v 40.00000 0.00000 -15.65000
v 40.00000 4.00000 -15.70000
v 40.00000 4.00000 -15.50000
v 40.00000 3.75000 -15.50000
v 40.00000 7.50000 -15.70000
v 40.00000 7.60000 -15.70000
v 40.00000 7.60000 -15.60000
v 40.00000 7.50000 -15.60000
v 38.00000 4.75000 -15.69000
v 39.00000 4.75000 -15.69000
v 39.00000 6.75000 -15.69000
v 38.00000 6.75000 -15.69000
v 13.00000 0.00000 -35.60000
v 37.00000 0.00000 -35.60000
v 37.00000 6.00000 -35.60000
v 13.00000 6.00000 -35.60000
v -1.36142 0.40000 -2.94260
v -1.44260 0.40000 -2.86142
v -1.44260 0.00000 -2.86142
v -1.36142 0.00000 -2.94260
v -1.55740 0.40000 -2.86142
v -1.55740 0.00000 -2.86142
v -1.63858 0.40000 -2.94260
v -1.63858 0.00000 -2.94260
v -1.63858 0.40000 -3.05740
v -1.63858 0.00000 -3.05740
v -1.55740 0.40000 -3.13858
v -1.55740 0.00000 -3.13858
v -1.44260 0.40000 -3.13858
v -1.44260 0.00000 -3.13858
v -1.36142 0.40000 -3.05740
v -1.36142 0.00000 -3.05740
v -1.42147 0.48000 -2.96747
v -1.46747 0.48000 -2.92147
v -1.46173 0.40000 -2.90761
v -1.40761 0.40000 -2.96173
v -1.53253 0.48000 -2.92147
v -1.53827 0.40000 -2.90761
v -1.57853 0.48000 -2.96747
v -1.59239 0.40000 -2.96173
v -1.57853 0.48000 -3.03253
v -1.59239 0.40000 -3.03827
v -1.53253 0.48000 -3.07853
v -1.53827 0.40000 -3.09239
v -1.46747 0.48000 -3.07853
v -1.46173 0.40000 -3.09239
v -1.42147 0.48000 -3.03253
v -1.40761 0.40000 -3.03827
v -1.44457 3.98000 -2.97704
v -1.47704 3.98000 -2.94457
v -1.47704 0.48000 -2.94457
v -1.44457 0.48000 -2.97704
v -1.52296 3.98000 -2.94457
v -1.52296 0.48000 -2.94457
v -1.55543 3.98000 -2.97704
v -1.55543 0.48000 -2.97704
v -1.55543 3.98000 -3.02296
v -1.55543 0.48000 -3.02296
v -1.52296 3.98000 -3.05543
v -1.52296 0.48000 -3.05543
v -1.47704 3.98000 -3.05543
v -1.47704 0.48000 -3.05543
v -1.44457 3.98000 -3.02296
v -1.44457 0.48000 -3.02296
v -1.40761 4.03000 -2.96173
v -1.46173 4.03000 -2.90761
v -1.47321 3.96000 -2.93533
v -1.43533 3.96000 -2.97321
v -1.53827 4.03000 -2.90761
v -1.52679 3.96000 -2.93533
v -1.59239 4.03000 -2.96173
v -1.56467 3.96000 -2.97321
v -1.59239 4.03000 -3.03827
v -1.56467 3.96000 -3.02679
v -1.53827 4.03000 -3.09239
v -1.52679 3.96000 -3.06467
v -1.46173 4.03000 -3.09239
v -1.47321 3.96000 -3.06467
v -1.40761 4.03000 -3.03827
v -1.43533 3.96000 -3.02679
v -1.50000 4.38000 -3.00000
v -1.43682 4.36217 -2.95409
v -1.42190 4.36217 -3.00000
v -1.47587 4.36217 -2.92572
v -1.52413 4.36217 -2.92572
v -1.56318 4.36217 -2.95409
v -1.57810 4.36217 -3.00000
v -1.56318 4.36217 -3.04591
v -1.52413 4.36217 -3.07428
v -1.47587 4.36217 -3.07428
v -1.43682 4.36217 -3.04591
v -1.38615 4.31223 -2.91728
v -1.35927 4.31223 -3.00000
v -1.45651 4.31223 -2.86616
v -1.54349 4.31223 -2.86616
v -1.61385 4.31223 -2.91728
v -1.64073 4.31223 -3.00000
v -1.61385 4.31223 -3.08272
v -1.54349 4.31223 -3.13384
v -1.45651 4.31223 -3.13384
v -1.38615 4.31223 -3.08272
v -1.35803 4.24005 -2.89685
v -1.32451 4.24005 -3.00000
v -1.44577 4.24005 -2.83310
v -1.55423 4.24005 -2.83310
v -1.64197 4.24005 -2.89685
v -1.67549 4.24005 -3.00000
v -1.64197 4.24005 -3.10315
v -1.55423 4.24005 -3.16690
v -1.44577 4.24005 -3.16690
v -1.35803 4.24005 -3.10315
v -1.35803 4.15995 -2.89685
v -1.32451 4.15995 -3.00000
v -1.44577 4.15995 -2.83310
v -1.55423 4.15995 -2.83310
v -1.64197 4.15995 -2.89685
v -1.67549 4.15995 -3.00000
v -1.64197 4.15995 -3.10315
v -1.55423 4.15995 -3.16690
v -1.44577 4.15995 -3.16690
v -1.35803 4.15995 -3.10315
v -1.38615 4.08777 -2.91728
v -1.35927 4.08777 -3.00000
v -1.45651 4.08777 -2.86616
v -1.54349 4.08777 -2.86616
v -1.61385 4.08777 -2.91728
v -1.64073 4.08777 -3.00000
v -1.61385 4.08777 -3.08272
v -1.54349 4.08777 -3.13384
v -1.45651 4.08777 -3.13384
v -1.38615 4.08777 -3.08272
v -1.43682 4.03783 -2.95409
v -1.42190 4.03783 -3.00000
v -1.47587 4.03783 -2.92572
v -1.52413 4.03783 -2.92572
v -1.56318 4.03783 -2.95409
v -1.57810 4.03783 -3.00000
v -1.56318 4.03783 -3.04591
v -1.52413 4.03783 -3.07428
v -1.47587 4.03783 -3.07428
v -1.43682 4.03783 -3.04591
v -1.50000 4.02000 -3.00000
v -1.38913 4.43000 -2.95408
v -1.45408 4.43000 -2.88913
v -1.42346 4.35000 -2.81522
v -1.31522 4.35000 -2.92346
v -1.54592 4.43000 -2.88913
v -1.57654 4.35000 -2.81522
v -1.61087 4.43000 -2.95408
v -1.68478 4.35000 -2.92346
v -1.61087 4.43000 -3.04592
v -1.68478 4.35000 -3.07654
v -1.54592 4.43000 -3.11087
v -1.57654 4.35000 -3.18478
v -1.45408 4.43000 -3.11087
v -1.42346 4.35000 -3.18478
v -1.38913 4.43000 -3.04592
v -1.31522 4.35000 -3.07654
v -1.50000 4.50000 -3.00000
v -1.50000 4.43000 -2.97000
v -1.47402 4.43000 -2.98500
v -1.52598 4.43000 -2.98500
v -1.52598 4.43000 -3.01500
v -1.50000 4.43000 -3.03000
v -1.47402 4.43000 -3.01500
v 15.63858 0.40000 -2.94260
v 15.55740 0.40000 -2.86142
v 15.55740 0.00000 -2.86142
v 15.63858 0.00000 -2.94260
v 15.44260 0.40000 -2.86142
v 15.44260 0.00000 -2.86142
v 15.36142 0.40000 -2.94260
v 15.36142 0.00000 -2.94260
v 15.36142 0.40000 -3.05740
v 15.36142 0.00000 -3.05740
v 15.44260 0.40000 -3.13858
v 15.44260 0.00000 -3.13858
v 15.55740 0.40000 -3.13858
v 15.55740 0.00000 -3.13858
v 15.63858 0.40000 -3.05740
v 15.63858 0.00000 -3.05740
v 15.57853 0.48000 -2.96747
v 15.53253 0.48000 -2.92147
v 15.53827 0.40000 -2.90761
v 15.59239 0.40000 -2.96173
v 15.46747 0.48000 -2.92147
v 15.46173 0.40000 -2.90761
v 15.42147 0.48000 -2.96747
v 15.40761 0.40000 -2.96173
v 15.42147 0.48000 -3.03253
v 15.40761 0.40000 -3.03827
v 15.46747 0.48000 -3.07853
v 15.46173 0.40000 -3.09239
v 15.53253 0.48000 -3.07853
v 15.53827 0.40000 -3.09239
v 15.57853 0.48000 -3.03253
v 15.59239 0.40000 -3.03827
v 15.55543 3.98000 -2.97704
v 15.52296 3.98000 -2.94457
v 15.52296 0.48000 -2.94457
v 15.55543 0.48000 -2.97704
v 15.47704 3.98000 -2.94457
v 15.47704 0.48000 -2.94457
v 15.44457 3.98000 -2.97704
v 15.44457 0.48000 -2.97704
v 15.44457 3.98000 -3.02296
v 15.44457 0.48000 -3.02296
v 15.47704 3.98000 -3.05543
v 15.47704 0.48000 -3.05543
v 15.52296 3.98000 -3.05543
v 15.52296 0.48000 -3.05543
v 15.55543 3.98000 -3.02296
v 15.55543 0.48000 -3.02296
v 15.59239 4.03000 -2.96173
v 15.53827 4.03000 -2.90761
v 15.52679 3.96000 -2.93533
v 15.56467 3.96000 -2.97321
v 15.46173 4.03000 -2.90761
v 15.47321 3.96000 -2.93533
v 15.40761 4.03000 -2.96173
v 15.43533 3.96000 -2.97321
v 15.40761 4.03000 -3.03827
v 15.43533 3.96000 -3.02679
v 15.46173 4.03000 -3.09239
v 15.47321 3.96000 -3.06467
v 15.53827 4.03000 -3.09239
v 15.52679 3.96000 -3.06467
v 15.59239 4.03000 -3.03827
v 15.56467 3.96000 -3.02679
v 15.50000 4.38000 -3.00000
v 15.56318 4.36217 -2.95409
v 15.57810 4.36217 -3.00000
v 15.52413 4.36217 -2.92572
v 15.47587 4.36217 -2.92572
v 15.43682 4.36217 -2.95409
v 15.42190 4.36217 -3.00000
v 15.43682 4.36217 -3.04591
v 15.47587 4.36217 -3.07428
v 15.52413 4.36217 -3.07428
v 15.56318 4.36217 -3.04591
v 15.61385 4.31223 -2.91728
v 15.64073 4.31223 -3.00000
v 15.54349 4.31223 -2.86616
v 15.45651 4.31223 -2.86616
v 15.38615 4.31223 -2.91728
v 15.35927 4.31223 -3.00000
v 15.38615 4.31223 -3.08272
v 15.45651 4.31223 -3.13384
v 15.54349 4.31223 -3.13384
v 15.61385 4.31223 -3.08272
v 15.64197 4.24005 -2.89685
v 15.67549 4.24005 -3.00000
v 15.55423 4.24005 -2.83310
v 15.44577 4.24005 -2.83310
v 15.35803 4.24005 -2.89685
v 15.32451 4.24005 -3.00000
v 15.35803 4.24005 -3.10315
v 15.44577 4.24005 -3.16690
v 15.55423 4.24005 -3.16690
v 15.64197 4.24005 -3.10315
v 15.64197 4.15995 -2.89685
v 15.67549 4.15995 -3.00000
v 15.55423 4.15995 -2.83310
v 15.44577 4.15995 -2.83310
v 15.35803 4.15995 -2.89685
v 15.32451 4.15995 -3.00000
v 15.35803 4.15995 -3.10315
v 15.44577 4.15995 -3.16690
v 15.55423 4.15995 -3.16690
v 15.64197 4.15995 -3.10315
v 15.61385 4.08777 -2.91728
v 15.64073 4.08777 -3.00000
v 15.54349 4.08777 -2.86616
v 15.45651 4.08777 -2.86616
v 15.38615 4.08777 -2.91728
v 15.35927 4.08777 -3.00000
v 15.38615 4.08777 -3.08272
v 15.45651 4.08777 -3.13384
v 15.54349 4.08777 -3.13384
v 15.61385 4.08777 -3.08272
v 15.56318 4.03783 -2.95409
v 15.57810 4.03783 -3.00000
v 15.52413 4.03783 -2.92572
v 15.47587 4.03783 -2.92572
v 15.43682 4.03783 -2.95409
v 15.42190 4.03783 -3.00000
v 15.43682 4.03783 -3.04591
v 15.47587 4.03783 -3.07428
v 15.52413 4.03783 -3.07428
v 15.56318 4.03783 -3.04591
v 15.50000 4.02000 -3.00000
v 15.61087 4.43000 -2.95408
v 15.54592 4.43000 -2.88913
v 15.57654 4.35000 -2.81522
v 15.68478 4.35000 -2.92346
v 15.45408 4.43000 -2.88913
v 15.42346 4.35000 -2.81522
v 15.38913 4.43000 -2.95408
v 15.31522 4.35000 -2.92346
v 15.38913 4.43000 -3.04592
v 15.31522 4.35000 -3.07654
v 15.45408 4.43000 -3.11087
v 15.42346 4.35000 -3.18478
v 15.54592 4.43000 -3.11087
v 15.57654 4.35000 -3.18478
v 15.61087 4.43000 -3.04592
v 15.68478 4.35000 -3.07654
v 15.50000 4.50000 -3.00000
v 15.50000 4.43000 -2.97000
v 15.52598 4.43000 -2.98500
v 15.47402 4.43000 -2.98500
v 15.47402 4.43000 -3.01500
v 15.50000 4.43000 -3.03000
v 15.52598 4.43000 -3.01500
v -13.36142 0.40000 -12.84260
v -13.44260 0.40000 -12.76142
v -13.44260 0.00000 -12.76142
v -13.36142 0.00000 -12.84260
v -13.55740 0.40000 -12.76142
v -13.55740 0.00000 -12.76142
v -13.63858 0.40000 -12.84260
v -13.63858 0.00000 -12.84260
v -13.63858 0.40000 -12.95740
v -13.63858 0.00000 -12.95740
v -13.55740 0.40000 -13.03858
v -13.55740 0.00000 -13.03858
v -13.44260 0.40000 -13.03858
v -13.44260 0.00000 -13.03858
v -13.36142 0.40000 -12.95740
v -13.36142 0.00000 -12.95740
v -13.42147 0.48000 -12.86747
v -13.46747 0.48000 -12.82147
v -13.46173 0.40000 -12.80761
v -13.40761 0.40000 -12.86173
v -13.53253 0.48000 -12.82147
v -13.53827 0.40000 -12.80761
v -13.57853 0.48000 -12.86747
v -13.59239 0.40000 -12.86173
v -13.57853 0.48000 -12.93253
v -13.59239 0.40000 -12.93827
v -13.53253 0.48000 -12.97853
v -13.53827 0.40000 -12.99239
v -13.46747 0.48000 -12.97853
v -13.46173 0.40000 -12.99239
v -13.42147 0.48000 -12.93253
v -13.40761 0.40000 -12.93827
v -13.44457 3.98000 -12.87704
v -13.47704 3.98000 -12.84457
v -13.47704 0.48000 -12.84457
v -13.44457 0.48000 -12.87704
v -13.52296 3.98000 -12.84457
v -13.52296 0.48000 -12.84457
v -13.55543 3.98000 -12.87704
v -13.55543 0.48000 -12.87704
v -13.55543 3.98000 -12.92296
v -13.55543 0.48000 -12.92296
v -13.52296 3.98000 -12.95543
v -13.52296 0.48000 -12.95543
v -13.47704 3.98000 -12.95543
v -13.47704 0.48000 -12.95543
v -13.44457 3.98000 -12.92296
v -13.44457 0.48000 -12.92296
v -13.40761 4.03000 -12.86173
v -13.46173 4.03000 -12.80761
v -13.47321 3.96000 -12.83533
v -13.43533 3.96000 -12.87321
v -13.53827 4.03000 -12.80761
v -13.52679 3.96000 -12.83533
v -13.59239 4.03000 -12.86173
v -13.56467 3.96000 -12.87321
v -13.59239 4.03000 -12.93827
v -13.56467 3.96000 -12.92679
v -13.53827 4.03000 -12.99239
v -13.52679 3.96000 -12.96467
v -13.46173 4.03000 -12.99239
v -13.47321 3.96000 -12.96467
v -13.40761 4.03000 -12.93827
v -13.43533 3.96000 -12.92679
v -13.50000 4.38000 -12.90000
v -13.43682 4.36217 -12.85409
v -13.42190 4.36217 -12.90000
v -13.47587 4.36217 -12.82572
v -13.52413 4.36217 -12.82572
v -13.56318 4.36217 -12.85409
v -13.57810 4.36217 -12.90000
v -13.56318 4.36217 -12.94591
v -13.52413 4.36217 -12.97428
v -13.47587 4.36217 -12.97428
v -13.43682 4.36217 -12.94591
v -13.38615 4.31223 -12.81728
v -13.35927 4.31223 -12.90000
v -13.45651 4.31223 -12.76616
v -13.54349 4.31223 -12.76616
v -13.61385 4.31223 -12.81728
v -13.64073 4.31223 -12.90000
v -13.61385 4.31223 -12.98272
v -13.54349 4.31223 -13.03384
v -13.45651 4.31223 -13.03384
v -13.38615 4.31223 -12.98272
v -13.35803 4.24005 -12.79685
v -13.32451 4.24005 -12.90000
v -13.44577 4.24005 -12.73310
v -13.55423 4.24005 -12.73310
v -13.64197 4.24005 -12.79685
v -13.67549 4.24005 -12.90000
v -13.64197 4.24005 -13.00315
v -13.55423 4.24005 -13.06690
v -13.44577 4.24005 -13.06690
v -13.35803 4.24005 -13.00315
v -13.35803 4.15995 -12.79685
v -13.32451 4.15995 -12.90000
v -13.44577 4.15995 -12.73310
v -13.55423 4.15995 -12.73310
v -13.64197 4.15995 -12.79685
v -13.67549 4.15995 -12.90000
v -13.64197 4.15995 -13.00315
v -13.55423 4.15995 -13.06690
v -13.44577 4.15995 -13.06690
v -13.35803 4.15995 -13.00315
v -13.38615 4.08777 -12.81728
v -13.35927 4.08777 -12.90000
v -13.45651 4.08777 -12.76616
v -13.54349 4.08777 -12.76616
v -13.61385 4.08777 -12.81728
v -13.64073 4.08777 -12.90000
v -13.61385 4.08777 -12.98272
v -13.54349 4.08777 -13.03384
v -13.45651 4.08777 -13.03384
v -13.38615 4.08777 -12.98272
v -13.43682 4.03783 -12.85409
v -13.42190 4.03783 -12.90000
v -13.47587 4.03783 -12.82572
v -13.52413 4.03783 -12.82572
v -13.56318 4.03783 -12.85409
v -13.57810 4.03783 -12.90000
v -13.56318 4.03783 -12.94591
v -13.52413 4.03783 -12.97428
v -13.47587 4.03783 -12.97428
v -13.43682 4.03783 -12.94591
v -13.50000 4.02000 -12.90000
v -13.38913 4.43000 -12.85408
v -13.45408 4.43000 -12.78913
v -13.42346 4.35000 -12.71522
v -13.31522 4.35000 -12.82346
v -13.54592 4.43000 -12.78913
v -13.57654 4.35000 -12.71522
v -13.61087 4.43000 -12.85408
v -13.68478 4.35000 -12.82346
v -13.61087 4.43000 -12.94592
v -13.68478 4.35000 -12.97654
v -13.54592 4.43000 -13.01087
v -13.57654 4.35000 -13.08478
v -13.45408 4.43000 -13.01087
v -13.42346 4.35000 -13.08478
v -13.38913 4.43000 -12.94592
v -13.31522 4.35000 -12.97654
v -13.50000 4.50000 -12.90000
v -13.50000 4.43000 -12.87000
v -13.47402 4.43000 -12.88500
v -13.52598 4.43000 -12.88500
v -13.52598 4.43000 -12.91500
v -13.50000 4.43000 -12.93000
v -13.47402 4.43000 -12.91500
v -0.36142 0.40000 -12.84260
v -0.44260 0.40000 -12.76142
v -0.44260 0.00000 -12.76142
v -0.36142 0.00000 -12.84260
v -0.55740 0.40000 -12.76142
v -0.55740 0.00000 -12.76142
v -0.63858 0.40000 -12.84260
v -0.63858 0.00000 -12.84260
v -0.63858 0.40000 -12.95740
v -0.63858 0.00000 -12.95740
v -0.55740 0.40000 -13.03858
v -0.55740 0.00000 -13.03858
v -0.44260 0.40000 -13.03858
v -0.44260 0.00000 -13.03858
v -0.36142 0.40000 -12.95740
v -0.36142 0.00000 -12.95740
v -0.42147 0.48000 -12.86747
v -0.46747 0.48000 -12.82147
v -0.46173 0.40000 -12.80761
v -0.40761 0.40000 -12.86173
v -0.53253 0.48000 -12.82147
v -0.53827 0.40000 -12.80761
v -0.57853 0.48000 -12.86747
v -0.59239 0.40000 -12.86173
v -0.57853 0.48000 -12.93253
v -0.59239 0.40000 -12.93827
v -0.53253 0.48000 -12.97853
v -0.53827 0.40000 -12.99239
v -0.46747 0.48000 -12.97853
v -0.46173 0.40000 -12.99239
v -0.42147 0.48000 -12.93253
v -0.40761 0.40000 -12.93827
v -0.44457 3.98000 -12.87704
v -0.47704 3.98000 -12.84457
v -0.47704 0.48000 -12.84457
v -0.44457 0.48000 -12.87704
v -0.52296 3.98000 -12.84457
v -0.52296 0.48000 -12.84457
v -0.55543 3.98000 -12.87704
v -0.55543 0.48000 -12.87704
v -0.55543 3.98000 -12.92296
v -0.55543 0.48000 -12.92296
v -0.52296 3.98000 -12.95543
v -0.52296 0.48000 -12.95543
v -0.47704 3.98000 -12.95543
v -0.47704 0.48000 -12.95543
v -0.44457 3.98000 -12.92296
v -0.44457 0.48000 -12.92296
v -0.40761 4.03000 -12.86173
v -0.46173 4.03000 -12.80761
v -0.47321 3.96000 -12.83533
v -0.43533 3.96000 -12.87321
v -0.53827 4.03000 -12.80761
v -0.52679 3.96000 -12.83533
v -0.59239 4.03000 -12.86173
v -0.56467 3.96000 -12.87321
v -0.59239 4.03000 -12.93827
v -0.56467 3.96000 -12.92679
v -0.53827 4.03000 -12.99239
v -0.52679 3.96000 -12.96467
v -0.46173 4.03000 -12.99239
v -0.47321 3.96000 -12.96467
v -0.40761 4.03000 -12.93827
v -0.43533 3.96000 -12.92679
v -0.50000 4.38000 -12.90000
v -0.43682 4.36217 -12.85409
v -0.42190 4.36217 -12.90000
v -0.47587 4.36217 -12.82572
v -0.52413 4.36217 -12.82572
v -0.56318 4.36217 -12.85409
v -0.57810 4.36217 -12.90000
v -0.56318 4.36217 -12.94591
v -0.52413 4.36217 -12.97428
v -0.47587 4.36217 -12.97428
v -0.43682 4.36217 -12.94591
v -0.38615 4.31223 -12.81728
v -0.35927 4.31223 -12.90000
v -0.45651 4.31223 -12.76616
v -0.54349 4.31223 -12.76616
v -0.61385 4.31223 -12.81728
v -0.64073 4.31223 -12.90000
v -0.61385 4.31223 -12.98272
v -0.54349 4.31223 -13.03384
v -0.45651 4.31223 -13.03384
v -0.38615 4.31223 -12.98272
v -0.35803 4.24005 -12.79685
v -0.32451 4.24005 -12.90000
v -0.44577 4.24005 -12.73310
v -0.55423 4.24005 -12.73310
v -0.64197 4.24005 -12.79685
v -0.67549 4.24005 -12.90000
v -0.64197 4.24005 -13.00315
v -0.55423 4.24005 -13.06690
v -0.44577 4.24005 -13.06690
v -0.35803 4.24005 -13.00315
v -0.35803 4.15995 -12.79685
v -0.32451 4.15995 -12.90000
v -0.44577 4.15995 -12.73310
v -0.55423 4.15995 -12.73310
v -0.64197 4.15995 -12.79685
v -0.67549 4.15995 -12.90000
v -0.64197 4.15995 -13.00315
v -0.55423 4.15995 -13.06690
v -0.44577 4.15995 -13.06690
v -0.35803 4.15995 -13.00315
v -0.38615 4.08777 -12.81728
v -0.35927 4.08777 -12.90000
v -0.45651 4.08777 -12.76616
v -0.54349 4.08777 -12.76616
v -0.61385 4.08777 -12.81728
v -0.64073 4.08777 -12.90000
v -0.61385 4.08777 -12.98272
v -0.54349 4.08777 -13.03384
v -0.45651 4.08777 -13.03384
v -0.38615 4.08777 -12.98272
v -0.43682 4.03783 -12.85409
v -0.42190 4.03783 -12.90000
v -0.47587 4.03783 -12.82572
v -0.52413 4.03783 -12.82572
v -0.56318 4.03783 -12.85409
v -0.57810 4.03783 -12.90000
v -0.56318 4.03783 -12.94591
v -0.52413 4.03783 -12.97428
v -0.47587 4.03783 -12.97428
v -0.43682 4.03783 -12.94591
v -0.50000 4.02000 -12.90000
v -0.38913 4.43000 -12.85408
v -0.45408 4.43000 -12.78913
v -0.42346 4.35000 -12.71522
v -0.31522 4.35000 -12.82346
v -0.54592 4.43000 -12.78913
v -0.57654 4.35000 -12.71522
v -0.61087 4.43000 -12.85408
v -0.68478 4.35000 -12.82346
v -0.61087 4.43000 -12.94592
v -0.68478 4.35000 -12.97654
v -0.54592 4.43000 -13.01087
v -0.57654 4.35000 -13.08478
v -0.45408 4.43000 -13.01087
v -0.42346 4.35000 -13.08478
v -0.38913 4.43000 -12.94592
v -0.31522 4.35000 -12.97654
v -0.50000 4.50000 -12.90000
v -0.50000 4.43000 -12.87000
v -0.47402 4.43000 -12.88500
v -0.52598 4.43000 -12.88500
v -0.52598 4.43000 -12.91500
v -0.50000 4.43000 -12.93000
v -0.47402 4.43000 -12.91500
v 13.13858 0.40000 -12.84260
v 13.05740 0.40000 -12.76142
v 13.05740 0.00000 -12.76142
v 13.13858 0.00000 -12.84260
v 12.94260 0.40000 -12.76142
v 12.94260 0.00000 -12.76142
v 12.86142 0.40000 -12.84260
v 12.86142 0.00000 -12.84260
v 12.86142 0.40000 -12.95740
v 12.86142 0.00000 -12.95740
v 12.94260 0.40000 -13.03858
v 12.94260 0.00000 -13.03858
v 13.05740 0.40000 -13.03858
v 13.05740 0.00000 -13.03858
v 13.13858 0.40000 -12.95740
v 13.13858 0.00000 -12.95740
v 13.07853 0.48000 -12.86747
v 13.03253 0.48000 -12.82147
v 13.03827 0.40000 -12.80761
v 13.09239 0.40000 -12.86173
v 12.96747 0.48000 -12.82147
v 12.96173 0.40000 -12.80761
v 12.92147 0.48000 -12.86747
v 12.90761 0.40000 -12.86173
v 12.92147 0.48000 -12.93253
v 12.90761 0.40000 -12.93827
v 12.96747 0.48000 -12.97853
v 12.96173 0.40000 -12.99239
v 13.03253 0.48000 -12.97853
v 13.03827 0.40000 -12.99239
v 13.07853 0.48000 -12.93253
v 13.09239 0.40000 -12.93827
v 13.05543 3.98000 -12.87704
v 13.02296 3.98000 -12.84457
v 13.02296 0.48000 -12.84457
v 13.05543 0.48000 -12.87704
v 12.97704 3.98000 -12.84457
v 12.97704 0.48000 -12.84457
v 12.94457 3.98000 -12.87704
v 12.94457 0.48000 -12.87704
v 12.94457 3.98000 -12.92296
v 12.94457 0.48000 -12.92296
v 12.97704 3.98000 -12.95543
v 12.97704 0.48000 -12.95543
v 13.02296 3.98000 -12.95543
v 13.02296 0.48000 -12.95543
v 13.05543 3.98000 -12.92296
v 13.05543 0.48000 -12.92296
v 13.09239 4.03000 -12.86173
v 13.03827 4.03000 -12.80761
v 13.02679 3.96000 -12.83533
v 13.06467 3.96000 -12.87321
v 12.96173 4.03000 -12.80761
v 12.97321 3.96000 -12.83533
v 12.90761 4.03000 -12.86173
v 12.93533 3.96000 -12.87321
v 12.90761 4.03000 -12.93827
v 12.93533 3.96000 -12.92679
v 12.96173 4.03000 -12.99239
v 12.97321 3.96000 -12.96467
v 13.03827 4.03000 -12.99239
v 13.02679 3.96000 -12.96467
v 13.09239 4.03000 -12.93827
v 13.06467 3.96000 -12.92679
v 13.00000 4.38000 -12.90000
v 13.06318 4.36217 -12.85409
v 13.07810 4.36217 -12.90000
v 13.02413 4.36217 -12.82572
v 12.97587 4.36217 -12.82572
v 12.93682 4.36217 -12.85409
v 12.92190 4.36217 -12.90000
v 12.93682 4.36217 -12.94591
v 12.97587 4.36217 -12.97428
v 13.02413 4.36217 -12.97428
v 13.06318 4.36217 -12.94591
v 13.11385 4.31223 -12.81728
v 13.14073 4.31223 -12.90000
v 13.04349 4.31223 -12.76616
v 12.95651 4.31223 -12.76616
v 12.88615 4.31223 -12.81728
v 12.85927 4.31223 -12.90000
v 12.88615 4.31223 -12.98272
v 12.95651 4.31223 -13.03384
v 13.04349 4.31223 -13.03384
v 13.11385 4.31223 -12.98272
v 13.14197 4.24005 -12.79685
v 13.17549 4.24005 -12.90000
v 13.05423 4.24005 -12.73310
v 12.94577 4.24005 -12.73310
v 12.85803 4.24005 -12.79685
v 12.82451 4.24005 -12.90000
v 12.85803 4.24005 -13.00315
v 12.94577 4.24005 -13.06690
v 13.05423 4.24005 -13.06690
v 13.14197 4.24005 -13.00315
v 13.14197 4.15995 -12.79685
v 13.17549 4.15995 -12.90000
v 13.05423 4.15995 -12.73310
v 12.94577 4.15995 -12.73310
v 12.85803 4.15995 -12.79685
v 12.82451 4.15995 -12.90000
v 12.85803 4.15995 -13.00315
v 12.94577 4.15995 -13.06690
v 13.05423 4.15995 -13.06690
v 13.14197 4.15995 -13.00315
v 13.11385 4.08777 -12.81728
v 13.14073 4.08777 -12.90000
v 13.04349 4.08777 -12.76616
v 12.95651 4.08777 -12.76616
v 12.88615 4.08777 -12.81728
v 12.85927 4.08777 -12.90000
v 12.88615 4.08777 -12.98272
v 12.95651 4.08777 -13.03384
v 13.04349 4.08777 -13.03384
v 13.11385 4.08777 -12.98272
v 13.06318 4.03783 -12.85409
v 13.07810 4.03783 -12.90000
v 13.02413 4.03783 -12.82572
v 12.97587 4.03783 -12.82572
v 12.93682 4.03783 -12.85409
v 12.92190 4.03783 -12.90000
v 12.93682 4.03783 -12.94591
v 12.97587 4.03783 -12.97428
v 13.02413 4.03783 -12.97428
v 13.06318 4.03783 -12.94591
v 13.00000 4.02000 -12.90000
v 13.11087 4.43000 -12.85408
v 13.04592 4.43000 -12.78913
v 13.07654 4.35000 -12.71522
v 13.18478 4.35000 -12.82346
v 12.95408 4.43000 -12.78913
v 12.92346 4.35000 -12.71522
v 12.88913 4.43000 -12.85408
v 12.81522 4.35000 -12.82346
v 12.88913 4.43000 -12.94592
v 12.81522 4.35000 -12.97654
v 12.95408 4.43000 -13.01087
v 12.92346 4.35000 -13.08478
v 13.04592 4.43000 -13.01087
v 13.07654 4.35000 -13.08478
v 13.11087 4.43000 -12.94592
v 13.18478 4.35000 -12.97654
v 13.00000 4.50000 -12.90000
v 13.00000 4.43000 -12.87000
v 13.02598 4.43000 -12.88500
v 12.97402 4.43000 -12.88500
v 12.97402 4.43000 -12.91500
v 13.00000 4.43000 -12.93000
v 13.02598 4.43000 -12.91500
v 30.63858 0.40000 -12.84260
v 30.55740 0.40000 -12.76142
v 30.55740 0.00000 -12.76142
v 30.63858 0.00000 -12.84260
v 30.44260 0.40000 -12.76142
v 30.44260 0.00000 -12.76142
v 30.36142 0.40000 -12.84260
v 30.36142 0.00000 -12.84260
v 30.36142 0.40000 -12.95740
v 30.36142 0.00000 -12.95740
v 30.44260 0.40000 -13.03858
v 30.44260 0.00000 -13.03858
v 30.55740 0.40000 -13.03858
v 30.55740 0.00000 -13.03858
v 30.63858 0.40000 -12.95740
v 30.63858 0.00000 -12.95740
v 30.57853 0.48000 -12.86747
v 30.53253 0.48000 -12.82147
v 30.53827 0.40000 -12.80761
v 30.59239 0.40000 -12.86173
v 30.46747 0.48000 -12.82147
v 30.46173 0.40000 -12.80761
v 30.42147 0.48000 -12.86747
v 30.40761 0.40000 -12.86173
v 30.42147 0.48000 -12.93253
v 30.40761 0.40000 -12.93827
v 30.46747 0.48000 -12.97853
v 30.46173 0.40000 -12.99239
v 30.53253 0.48000 -12.97853
v 30.53827 0.40000 -12.99239
v 30.57853 0.48000 -12.93253
v 30.59239 0.40000 -12.93827
v 30.55543 3.98000 -12.87704
v 30.52296 3.98000 -12.84457
v 30.52296 0.48000 -12.84457
v 30.55543 0.48000 -12.87704
v 30.47704 3.98000 -12.84457
v 30.47704 0.48000 -12.84457
v 30.44457 3.98000 -12.87704
v 30.44457 0.48000 -12.87704
v 30.44457 3.98000 -12.92296
v 30.44457 0.48000 -12.92296
v 30.47704 3.98000 -12.95543
v 30.47704 0.48000 -12.95543
v 30.52296 3.98000 -12.95543
v 30.52296 0.48000 -12.95543
v 30.55543 3.98000 -12.92296
v 30.55543 0.48000 -12.92296
v 30.59239 4.03000 -12.86173
v 30.53827 4.03000 -12.80761
v 30.52679 3.96000 -12.83533
v 30.56467 3.96000 -12.87321
v 30.46173 4.03000 -12.80761
v 30.47321 3.96000 -12.83533
v 30.40761 4.03000 -12.86173
v 30.43533 3.96000 -12.87321
v 30.40761 4.03000 -12.93827
v 30.43533 3.96000 -12.92679
v 30.46173 4.03000 -12.99239
v 30.47321 3.96000 -12.96467
v 30.53827 4.03000 -12.99239
v 30.52679 3.96000 -12.96467
v 30.59239 4.03000 -12.93827
v 30.56467 3.96000 -12.92679
v 30.50000 4.38000 -12.90000
v 30.56318 4.36217 -12.85409
v 30.57810 4.36217 -12.90000
v 30.52413 4.36217 -12.82572
v 30.47587 4.36217 -12.82572
v 30.43682 4.36217 -12.85409
v 30.42190 4.36217 -12.90000
v 30.43682 4.36217 -12.94591
v 30.47587 4.36217 -12.97428
v 30.52413 4.36217 -12.97428
v 30.56318 4.36217 -12.94591
v 30.61385 4.31223 -12.81728
v 30.64073 4.31223 -12.90000
v 30.54349 4.31223 -12.76616
v 30.45651 4.31223 -12.76616
v 30.38615 4.31223 -12.81728
v 30.35927 4.31223 -12.90000
v 30.38615 4.31223 -12.98272
v 30.45651 4.31223 -13.03384
v 30.54349 4.31223 -13.03384
v 30.61385 4.31223 -12.98272
v 30.64197 4.24005 -12.79685
v 30.67549 4.24005 -12.90000
v 30.55423 4.24005 -12.73310
v 30.44577 4.24005 -12.73310
v 30.35803 4.24005 -12.79685
v 30.32451 4.24005 -12.90000
v 30.35803 4.24005 -13.00315
v 30.44577 4.24005 -13.06690
v 30.55423 4.24005 -13.06690
v 30.64197 4.24005 -13.00315
v 30.64197 4.15995 -12.79685
v 30.67549 4.15995 -12.90000
v 30.55423 4.15995 -12.73310
v 30.44577 4.15995 -12.73310
v 30.35803 4.15995 -12.79685
v 30.32451 4.15995 -12.90000
v 30.35803 4.15995 -13.00315
v 30.44577 4.15995 -13.06690
v 30.55423 4.15995 -13.06690
v 30.64197 4.15995 -13.00315
v 30.61385 4.08777 -12.81728
v 30.64073 4.08777 -12.90000
v 30.54349 4.08777 -12.76616
v 30.45651 4.08777 -12.76616
v 30.38615 4.08777 -12.81728
v 30.35927 4.08777 -12.90000
v 30.38615 4.08777 -12.98272
v 30.45651 4.08777 -13.03384
v 30.54349 4.08777 -13.03384
v 30.61385 4.08777 -12.98272
v 30.56318 4.03783 -12.85409
v 30.57810 4.03783 -12.90000
v 30.52413 4.03783 -12.82572
v 30.47587 4.03783 -12.82572
v 30.43682 4.03783 -12.85409
v 30.42190 4.03783 -12.90000
v 30.43682 4.03783 -12.94591
v 30.47587 4.03783 -12.97428
v 30.52413 4.03783 -12.97428
v 30.56318 4.03783 -12.94591
v 30.50000 4.02000 -12.90000
v 30.61087 4.43000 -12.85408
v 30.54592 4.43000 -12.78913
v 30.57654 4.35000 -12.71522
v 30.68478 4.35000 -12.82346
v 30.45408 4.43000 -12.78913
v 30.42346 4.35000 -12.71522
v 30.38913 4.43000 -12.85408
v 30.31522 4.35000 -12.82346
v 30.38913 4.43000 -12.94592
v 30.31522 4.35000 -12.97654
v 30.45408 4.43000 -13.01087
v 30.42346 4.35000 -13.08478
v 30.54592 4.43000 -13.01087
v 30.57654 4.35000 -13.08478
v 30.61087 4.43000 -12.94592
v 30.68478 4.35000 -12.97654
v 30.50000 4.50000 -12.90000
v 30.50000 4.43000 -12.87000
v 30.52598 4.43000 -12.88500
v 30.47402 4.43000 -12.88500
v 30.47402 4.43000 -12.91500
v 30.50000 4.43000 -12.93000
v 30.52598 4.43000 -12.91500
v 12.59000 0.00000 -3.08500
v 12.59000 0.00000 -3.04500
v 12.59000 0.40000 -3.04500
v 12.59000 0.40000 -3.08500
v 12.63000 0.40000 -3.08500
v 12.63000 0.40000 -3.04500
v 12.63000 0.00000 -3.04500
v 12.63000 0.00000 -3.08500
v 12.59000 0.00000 -2.75500
v 12.59000 0.00000 -2.71500
v 12.59000 0.40000 -2.71500
v 12.59000 0.40000 -2.75500
v 12.63000 0.40000 -2.75500
v 12.63000 0.40000 -2.71500
v 12.63000 0.00000 -2.71500
v 12.63000 0.00000 -2.75500
v 12.97000 0.00000 -3.08500
v 12.97000 0.00000 -3.04500
v 12.97000 0.40000 -3.04500
v 12.97000 0.40000 -3.08500
v 13.01000 0.40000 -3.08500
v 13.01000 0.40000 -3.04500
v 13.01000 0.00000 -3.04500
v 13.01000 0.00000 -3.08500
v 12.97000 0.00000 -2.75500
v 12.97000 0.00000 -2.71500
v 12.97000 0.40000 -2.71500
v 12.97000 0.40000 -2.75500
v 13.01000 0.40000 -2.75500
v 13.01000 0.40000 -2.71500
v 13.01000 0.00000 -2.71500
v 13.01000 0.00000 -2.75500
v 12.55000 0.40000 -3.12500
v 12.55000 0.40000 -2.67500
v 12.55000 0.85000 -2.67500
v 12.55000 0.85000 -3.12500
v 13.05000 0.85000 -3.12500
v 13.05000 0.85000 -2.67500
v 13.05000 0.40000 -2.67500
v 13.05000 0.40000 -3.12500
v 13.03097 0.94567 -3.12500
v 13.03097 0.94567 -2.67500
v 12.97678 1.02678 -3.12500
v 12.97678 1.02678 -2.67500
v 12.89567 1.08097 -3.12500
v 12.89567 1.08097 -2.67500
v 12.80000 1.10000 -3.12500
v 12.80000 1.10000 -2.67500
v 12.70433 1.08097 -3.12500
v 12.70433 1.08097 -2.67500
v 12.62322 1.02678 -3.12500
v 12.62322 1.02678 -2.67500
v 12.56903 0.94567 -3.12500
v 12.56903 0.94567 -2.67500
v 12.64000 0.86000 -2.67500
v 12.64000 0.86000 -2.65500
v 12.64000 0.94000 -2.65500
v 12.64000 0.94000 -2.67500
v 12.96000 0.94000 -2.67500
v 12.96000 0.94000 -2.65500
v 12.96000 0.86000 -2.65500
v 12.96000 0.86000 -2.67500
v -16.43000 0.00000 -15.64000
v -16.43000 0.00000 -15.57000
v -16.47000 0.00000 -15.57000
v -16.47000 0.00000 -15.64000
v -16.43000 0.40000 -15.57000
v -16.47000 0.40000 -15.57000
v -16.43000 0.40000 -15.16000
v -16.47000 0.40000 -15.16000
v -16.43000 0.00000 -15.16000
v -16.47000 0.00000 -15.16000
v -16.43000 0.00000 -15.09000
v -16.47000 0.00000 -15.09000
v -16.43000 0.46000 -15.09000
v -16.47000 0.46000 -15.09000
v -16.43000 0.46000 -15.57000
v -16.47000 0.46000 -15.57000
v -16.43000 0.85000 -15.57000
v -16.47000 0.85000 -15.57000
v -16.43000 0.85000 -15.64000
v -16.47000 0.85000 -15.64000
v -14.93000 0.00000 -15.64000
v -14.93000 0.00000 -15.57000
v -14.97000 0.00000 -15.57000
v -14.97000 0.00000 -15.64000
v -14.93000 0.40000 -15.57000
v -14.97000 0.40000 -15.57000
v -14.93000 0.40000 -15.16000
v -14.97000 0.40000 -15.16000
v -14.93000 0.00000 -15.16000
v -14.97000 0.00000 -15.16000
v -14.93000 0.00000 -15.09000
v -14.97000 0.00000 -15.09000
v -14.93000 0.46000 -15.09000
v -14.97000 0.46000 -15.09000
v -14.93000 0.46000 -15.57000
v -14.97000 0.46000 -15.57000
v -14.93000 0.85000 -15.57000
v -14.97000 0.85000 -15.57000
v -14.93000 0.85000 -15.64000
v -14.97000 0.85000 -15.64000
v -16.60000 0.46000 -15.54000
v -16.60000 0.46000 -15.42000
v -16.60000 0.49000 -15.42000
v -16.60000 0.49000 -15.54000
v -14.80000 0.49000 -15.54000
v -14.80000 0.49000 -15.42000
v -14.80000 0.46000 -15.42000
v -14.80000 0.46000 -15.54000
v -16.60000 0.46000 -15.39000
v -16.60000 0.46000 -15.27000
v -16.60000 0.49000 -15.27000
v -16.60000 0.49000 -15.39000
v -14.80000 0.49000 -15.39000
v -14.80000 0.49000 -15.27000
v -14.80000 0.46000 -15.27000
v -14.80000 0.46000 -15.39000
v -16.60000 0.46000 -15.24000
v -16.60000 0.46000 -15.12000
v -16.60000 0.49000 -15.12000
v -16.60000 0.49000 -15.24000
v -14.80000 0.49000 -15.24000
v -14.80000 0.49000 -15.12000
v -14.80000 0.46000 -15.12000
v -14.80000 0.46000 -15.24000
v -16.60000 0.58000 -15.57000
v -16.60000 0.58000 -15.54000
v -16.60000 0.70000 -15.54000
v -16.60000 0.70000 -15.57000
v -14.80000 0.70000 -15.57000
v -14.80000 0.70000 -15.54000
v -14.80000 0.58000 -15.54000
v -14.80000 0.58000 -15.57000
v -16.60000 0.73000 -15.57000
v -16.60000 0.73000 -15.54000
v -16.60000 0.85000 -15.54000
v -16.60000 0.85000 -15.57000
v -14.80000 0.85000 -15.57000
v -14.80000 0.85000 -15.54000
v -14.80000 0.73000 -15.54000
v -14.80000 0.73000 -15.57000
v 15.27000 0.00000 -15.64000
v 15.27000 0.00000 -15.57000
v 15.23000 0.00000 -15.57000
v 15.23000 0.00000 -15.64000
v 15.27000 0.40000 -15.57000
v 15.23000 0.40000 -15.57000
v 15.27000 0.40000 -15.16000
v 15.23000 0.40000 -15.16000
v 15.27000 0.00000 -15.16000
v 15.23000 0.00000 -15.16000
v 15.27000 0.00000 -15.09000
v 15.23000 0.00000 -15.09000
v 15.27000 0.46000 -15.09000
v 15.23000 0.46000 -15.09000
v 15.27000 0.46000 -15.57000
v 15.23000 0.46000 -15.57000
v 15.27000 0.85000 -15.57000
v 15.23000 0.85000 -15.57000
v 15.27000 0.85000 -15.64000
v 15.23000 0.85000 -15.64000
v 16.77000 0.00000 -15.64000
v 16.77000 0.00000 -15.57000
v 16.73000 0.00000 -15.57000
v 16.73000 0.00000 -15.64000
v 16.77000 0.40000 -15.57000
v 16.73000 0.40000 -15.57000
v 16.77000 0.40000 -15.16000
v 16.73000 0.40000 -15.16000
v 16.77000 0.00000 -15.16000
v 16.73000 0.00000 -15.16000
v 16.77000 0.00000 -15.09000
v 16.73000 0.00000 -15.09000
v 16.77000 0.46000 -15.09000
v 16.73000 0.46000 -15.09000
v 16.77000 0.46000 -15.57000
v 16.73000 0.46000 -15.57000
v 16.77000 0.85000 -15.57000
v 16.73000 0.85000 -15.57000
v 16.77000 0.85000 -15.64000
v 16.73000 0.85000 -15.64000
v 15.10000 0.46000 -15.54000
v 15.10000 0.46000 -15.42000
v 15.10000 0.49000 -15.42000
v 15.10000 0.49000 -15.54000
v 16.90000 0.49000 -15.54000
v 16.90000 0.49000 -15.42000
v 16.90000 0.46000 -15.42000
v 16.90000 0.46000 -15.54000
v 15.10000 0.46000 -15.39000
v 15.10000 0.46000 -15.27000
v 15.10000 0.49000 -15.27000
v 15.10000 0.49000 -15.39000
v 16.90000 0.49000 -15.39000
v 16.90000 0.49000 -15.27000
v 16.90000 0.46000 -15.27000
v 16.90000 0.46000 -15.39000
v 15.10000 0.46000 -15.24000
v 15.10000 0.46000 -15.12000
v 15.10000 0.49000 -15.12000
v 15.10000 0.49000 -15.24000
v 16.90000 0.49000 -15.24000
v 16.90000 0.49000 -15.12000
v 16.90000 0.46000 -15.12000
v 16.90000 0.46000 -15.24000
v 15.10000 0.58000 -15.57000
v 15.10000 0.58000 -15.54000
v 15.10000 0.70000 -15.54000
v 15.10000 0.70000 -15.57000
v 16.90000 0.70000 -15.57000
v 16.90000 0.70000 -15.54000
v 16.90000 0.58000 -15.54000
v 16.90000 0.58000 -15.57000
v 15.10000 0.73000 -15.57000
v 15.10000 0.73000 -15.54000
v 15.10000 0.85000 -15.54000
v 15.10000 0.85000 -15.57000
v 16.90000 0.85000 -15.57000
v 16.90000 0.85000 -15.54000
v 16.90000 0.73000 -15.54000
v 16.90000 0.73000 -15.57000
v 6.85000 0.00000 -13.25000
v 6.85000 0.00000 -12.95000
v 6.85000 0.02000 -12.95000
v 6.85000 0.02000 -13.25000
v 7.15000 0.02000 -13.25000
v 7.15000 0.02000 -12.95000
v 7.15000 0.00000 -12.95000
v 7.15000 0.00000 -13.25000
v 6.92000 0.02000 -13.18000
v 6.92000 0.02000 -13.02000
v 6.92000 0.30000 -13.02000
v 6.92000 0.30000 -13.18000
v 7.08000 0.30000 -13.18000
v 7.08000 0.30000 -13.02000
v 7.08000 0.02000 -13.02000
v 7.08000 0.02000 -13.18000
v 6.77500 0.30000 -13.30000
v 6.77500 0.30000 -12.90000
v 6.77500 1.00000 -12.90000
v 6.77500 1.00000 -13.30000
v 7.22500 1.00000 -13.30000
v 7.22500 1.00000 -12.90000
v 7.22500 0.30000 -12.90000
v 7.22500 0.30000 -13.30000
v 6.76500 1.00000 -13.31000
v 6.76500 1.00000 -12.89000
v 6.76500 1.03000 -12.89000
v 6.76500 1.03000 -13.31000
v 7.23500 1.03000 -13.31000
v 7.23500 1.03000 -12.89000
v 7.23500 1.00000 -12.89000
v 7.23500 1.00000 -13.31000
v 6.85000 0.62000 -12.89850
v 7.15000 0.62000 -12.89850
v 7.15000 0.82000 -12.89850
v 6.85000 0.82000 -12.89850
v 7.10000 0.86000 -12.90000
v 7.10000 0.86000 -12.88500
v 7.10000 0.92000 -12.88500
v 7.10000 0.92000 -12.90000
v 7.17000 0.92000 -12.90000
v 7.17000 0.92000 -12.88500
v 7.17000 0.86000 -12.88500
v 7.17000 0.86000 -12.90000
v 6.92000 0.52000 -12.90000
v 6.92000 0.52000 -12.87000
v 6.92000 0.55000 -12.87000
v 6.92000 0.55000 -12.90000
v 7.08000 0.55000 -12.90000
v 7.08000 0.55000 -12.87000
v 7.08000 0.52000 -12.87000
v 7.08000 0.52000 -12.90000
v -11.92008 3.40000 -13.19651
v -11.94595 3.40000 -13.14102
v -11.91893 0.00000 -13.11153
v -11.88011 0.00000 -13.19477
v -12.00349 3.40000 -13.12008
v -12.00523 0.00000 -13.08011
v -12.05898 3.40000 -13.14595
v -12.08847 0.00000 -13.11893
v -12.07992 3.40000 -13.20349
v -12.11989 0.00000 -13.20523
v -12.05405 3.40000 -13.25898
v -12.08107 0.00000 -13.28847
v -11.99651 3.40000 -13.27992
v -11.99477 0.00000 -13.31989
v -11.94102 3.40000 -13.25405
v -11.91153 0.00000 -13.28107
v -12.00000 5.49741 -13.20000
v -11.45573 5.38167 -13.04393
v -11.45653 5.40488 -13.39781
v -11.65865 5.35921 -12.76309
v -11.97975 5.40864 -12.62004
v -12.30920 5.35635 -12.74159
v -12.52757 5.37255 -13.00798
v -12.52236 5.33812 -13.34978
v -12.34390 5.36712 -13.64017
v -12.01910 5.34560 -13.74699
v -11.69208 5.35195 -13.65650
v -11.04445 5.02932 -12.92600
v -11.02100 5.06436 -13.55633
v -11.37518 5.04459 -12.40027
v -11.96282 5.08154 -12.13541
v -12.59459 5.08012 -12.31848
v -12.97656 5.06246 -12.84456
v -12.98104 5.04877 -13.48131
v -12.61179 5.02906 -13.98305
v -12.03427 5.02039 -14.18129
v -11.40494 5.08074 -14.08221
v -10.80711 4.56656 -13.63418
v -10.82849 4.55591 -12.86408
v -11.21007 4.56942 -12.18894
v -11.95454 4.57350 -11.89832
v -12.71673 4.56914 -12.13740
v -13.24067 4.57724 -12.74843
v -13.16222 4.55388 -13.53326
v -12.78252 4.56690 -14.20159
v -12.04405 4.56505 -14.46148
v -11.32229 4.55449 -14.20474
v -10.79220 4.03010 -13.63960
v -10.73873 4.02448 -12.83834
v -11.21245 4.03139 -12.19199
v -11.95683 4.04025 -11.96375
v -12.73281 4.02482 -12.11356
v -13.19210 4.03361 -12.76611
v -13.21964 4.03358 -13.54972
v -12.80004 4.02713 -14.22400
v -12.04267 4.04323 -14.42204
v -11.26862 4.02536 -14.28431
v -10.99494 3.53290 -12.91180
v -11.02741 3.54064 -13.55399
v -11.39355 3.57730 -12.42378
v -11.96346 3.53176 -12.15353
v -12.55081 3.57732 -12.38339
v -12.91512 3.58551 -12.86692
v -13.01171 3.52782 -13.49010
v -12.64835 3.52737 -14.02985
v -12.03681 3.52623 -14.25401
v -11.43324 3.55640 -14.04025
v -11.48453 3.27555 -13.05219
v -11.48194 3.24679 -13.38856
v -11.64768 3.20674 -12.74905
v -11.97988 3.19874 -12.62390
v -12.32600 3.18628 -12.71669
v -12.51847 3.24595 -13.01129
v -12.52676 3.25313 -13.35105
v -12.35210 3.20743 -13.65067
v -12.02029 3.18957 -13.78090
v -11.66996 3.17248 -13.68930
v -12.00000 3.14580 -13.20000
v -12.47831 4.40316 -12.75986
v -12.09595 4.30989 -12.65023
v -12.08857 4.34235 -12.90172
v -12.22625 4.33214 -12.43724
v -12.46368 4.35078 -12.34095
v -12.70702 4.33137 -12.42078
v -12.87080 4.34793 -12.61701
v -12.89305 4.37425 -12.87879
v -12.73673 4.35186 -13.09062
v -12.49254 4.32891 -13.16734
v -12.25503 4.31282 -13.09090
v -11.79111 4.08654 -13.00998
v -11.76355 4.09553 -12.55491
v -12.00315 4.11625 -12.15168
v -12.45167 4.10995 -11.99712
v -12.88609 4.08502 -12.15530
v -13.20587 4.11805 -12.49506
v -13.19020 4.09334 -12.96400
v -12.94445 4.10549 -13.35649
v -12.50321 4.07353 -13.47300
v -12.07940 4.07338 -13.35127
v -11.63393 3.73869 -13.06719
v -11.55378 3.75196 -12.49476
v -11.89784 3.74798 -12.01690
v -12.44486 3.75128 -11.80192
v -13.00371 3.74729 -11.98094
v -13.34050 3.74267 -12.44605
v -13.37009 3.74481 -13.01558
v -13.05385 3.74630 -13.49653
v -12.51180 3.75153 -13.71900
v -11.96360 3.74328 -13.52296
v -11.57788 3.35331 -12.50167
v -11.57385 3.34789 -13.08906
v -11.88932 3.34911 -12.00599
v -12.44599 3.35555 -11.83443
v -13.00620 3.35177 -11.97724
v -13.33463 3.35865 -12.44819
v -13.37065 3.35507 -13.01574
v -13.03234 3.36104 -13.46899
v -12.50934 3.36328 -13.64852
v -11.98429 3.36449 -13.49228
v -11.76627 2.99407 -13.01903
v -11.76745 3.00744 -12.55603
v -12.00285 2.98340 -12.15130
v -12.45152 2.98680 -11.99270
v -12.88887 3.01133 -12.15118
v -13.20932 2.97926 -12.49380
v -13.19885 3.00005 -12.96648
v -12.94775 2.99058 -13.36071
v -12.50399 3.01013 -13.49526
v -12.07559 3.02163 -13.35692
v -12.10369 2.78840 -12.89621
v -12.09472 2.78766 -12.64987
v -12.22191 2.75438 -12.43168
v -12.46448 2.79306 -12.36388
v -12.69774 2.80036 -12.43455
v -12.87854 2.73633 -12.61419
v -12.85866 2.79410 -12.86893
v -12.73083 2.76644 -13.08307
v -12.49268 2.76346 -13.17133
v -12.24504 2.75308 -13.10570
v -12.47831 2.67565 -12.75986
v -11.50459 4.48188 -13.59315
v -11.08681 4.43028 -13.47336
v -11.10131 4.41988 -13.73993
v -11.23932 4.42314 -13.25362
v -11.48931 4.43609 -13.15577
v -11.75298 4.44861 -13.22489
v -11.93091 4.46671 -13.43798
v -11.91266 4.41100 -13.71016
v -11.77568 4.44120 -13.94013
v -11.52003 4.44516 -14.03528
v -11.26699 4.41171 -13.94540
v -10.80653 4.14502 -13.84722
v -10.71746 4.20077 -13.36745
v -11.03295 4.16205 -12.98948
v -11.47781 4.16294 -12.82633
v -11.95891 4.19608 -12.91959
v -12.24553 4.17850 -13.32347
v -12.25398 4.17196 -13.80803
v -11.99909 4.18929 -14.22608
v -11.53059 4.14667 -14.33781
v -11.05835 4.18548 -14.25473
v -10.60577 3.79634 -13.33542
v -10.59998 3.80214 -13.92240
v -10.89473 3.80801 -12.81257
v -11.46910 3.81355 -12.57678
v -12.03380 3.79872 -12.80857
v -12.43264 3.80738 -13.25537
v -12.42283 3.80059 -13.85645
v -12.11932 3.80967 -14.37998
v -11.53937 3.80927 -14.58913
v -10.97475 3.79896 -14.37867
v -10.55823 3.38853 -13.93760
v -10.55265 3.39205 -13.32019
v -10.89339 3.39154 -12.81085
v -11.46947 3.38873 -12.58763
v -12.04587 3.39674 -12.79067
v -12.44442 3.38998 -13.25108
v -12.47722 3.38753 -13.87205
v -12.08094 3.40342 -14.33085
v -11.53980 3.38812 -14.60156
v -10.96520 3.39745 -14.39283
v -10.77962 3.04668 -13.38527
v -10.77140 3.02755 -13.86001
v -11.01369 3.01501 -12.96483
v -11.47787 3.03832 -12.82805
v -11.95801 3.00510 -12.92093
v -12.22277 3.03927 -13.33176
v -12.26078 3.02284 -13.80998
v -11.98110 3.03215 -14.20306
v -11.53218 3.01991 -14.38333
v -11.08066 3.04379 -14.22166
v -11.10991 2.79761 -13.73680
v -11.07722 2.75065 -13.47060
v -11.23073 2.75020 -13.24262
v -11.48934 2.76556 -13.15663
v -11.75743 2.73621 -13.21830
v -11.90031 2.79550 -13.44912
v -11.93630 2.74202 -13.71694
v -11.76287 2.79855 -13.92374
v -11.52043 2.73262 -14.04691
v -11.25896 2.76086 -13.95731
v -11.50459 2.67017 -13.59315
v 8.04298 2.90000 -13.13253
v 7.98268 2.90000 -13.12190
v 7.97403 0.00000 -13.08284
v 8.06448 0.00000 -13.09879
v 7.93253 2.90000 -13.15702
v 7.89879 0.00000 -13.13552
v 7.92190 2.90000 -13.21732
v 7.88284 0.00000 -13.22597
v 7.95702 2.90000 -13.26747
v 7.93552 0.00000 -13.30121
v 8.01732 2.90000 -13.27810
v 8.02597 0.00000 -13.31716
v 8.06747 2.90000 -13.24298
v 8.10121 0.00000 -13.26448
v 8.07810 2.90000 -13.18268
v 8.11716 0.00000 -13.17403
v 8.00000 4.45880 -13.20000
v 8.14798 4.31835 -12.77023
v 8.38820 4.35534 -12.92818
v 7.86773 4.31429 -12.76736
v 7.62565 4.34548 -12.91790
v 7.52244 4.36247 -13.19166
v 7.63167 4.30900 -13.45790
v 7.84472 4.36115 -13.65096
v 8.13891 4.35768 -13.65436
v 8.35211 4.29228 -13.46534
v 8.46047 4.32981 -13.20804
v 8.68624 4.06463 -12.71949
v 8.27910 4.07896 -12.38943
v 7.75601 4.06227 -12.40194
v 7.36842 4.03021 -12.72407
v 7.17938 4.05216 -13.18568
v 7.32797 4.05191 -13.67056
v 7.73273 4.05230 -13.97622
v 8.25102 4.07991 -14.02105
v 8.64578 4.04325 -13.68663
v 8.79813 4.03565 -13.21393
v 8.33798 3.66799 -12.21843
v 8.84040 3.66543 -12.61155
v 7.68756 3.67439 -12.17807
v 7.17575 3.66672 -12.57888
v 7.00024 3.65996 -13.18255
v 7.12542 3.67419 -13.81239
v 7.66700 3.66478 -14.16710
v 8.30456 3.66873 -14.19615
v 8.81558 3.66444 -13.81459
v 8.99455 3.65887 -13.21736
v 8.34230 3.22923 -12.20590
v 8.85469 3.23091 -12.60154
v 7.70996 3.24169 -12.25133
v 7.18573 3.23591 -12.58641
v 6.99063 3.23802 -13.18238
v 7.18907 3.24212 -13.76782
v 7.67601 3.24103 -14.14093
v 8.31314 3.22510 -14.22422
v 8.84895 3.22679 -13.83973
v 9.01147 3.23757 -13.21766
v 8.25502 2.87530 -12.45935
v 8.68856 2.83329 -12.71786
v 7.75002 2.82271 -12.38236
v 7.34194 2.84547 -12.70412
v 7.15291 2.82842 -13.18521
v 7.34261 2.86120 -13.66031
v 7.73604 2.85517 -13.96658
v 8.23637 2.85686 -13.97312
v 8.68659 2.81925 -13.71738
v 8.81501 2.85196 -13.21423
v 8.37318 2.57969 -12.93870
v 8.15508 2.53998 -12.74960
v 7.86143 2.54457 -12.74676
v 7.63998 2.58880 -12.92870
v 7.55327 2.59643 -13.19220
v 7.61535 2.55294 -13.46933
v 7.85750 2.61383 -13.61385
v 8.13176 2.58905 -13.63097
v 8.37754 2.54690 -13.48449
v 8.47453 2.54332 -13.20828
v 8.00000 2.50975 -13.20000
v 7.51667 3.86105 -13.29428
v 7.61980 3.75516 -12.99476
v 7.78729 3.78114 -13.10479
v 7.42214 3.76762 -12.98511
v 7.24446 3.80115 -13.08915
v 7.17836 3.79639 -13.28837
v 7.24093 3.79307 -13.48735
v 7.41186 3.76498 -13.59865
v 7.61174 3.77123 -13.60526
v 7.78114 3.78265 -13.49358
v 7.82774 3.74437 -13.29971
v 7.99967 3.58260 -12.95608
v 7.70321 3.57038 -12.75252
v 7.33872 3.59654 -12.71224
v 7.06878 3.56146 -12.95677
v 6.91988 3.58792 -13.28386
v 7.01856 3.59613 -13.64306
v 7.33097 3.56848 -13.83359
v 7.69488 3.59722 -13.87721
v 8.00239 3.59622 -13.66030
v 8.07472 3.55949 -13.30402
v 7.74285 3.29588 -12.63740
v 8.12806 3.30673 -12.86618
v 7.30281 3.30359 -12.59480
v 6.93641 3.30257 -12.85702
v 6.80728 3.29898 -13.28190
v 6.92819 3.30085 -13.70633
v 7.27132 3.30824 -14.00681
v 7.72652 3.30072 -13.98069
v 8.08013 3.29815 -13.71888
v 8.26226 3.30659 -13.30729
v 8.11254 2.99725 -12.87704
v 7.76184 2.99187 -12.58225
v 7.30854 3.00052 -12.61353
v 6.94323 2.99923 -12.86216
v 6.76366 2.99186 -13.28114
v 6.91728 2.99635 -13.71397
v 7.27846 2.99636 -13.98608
v 7.72481 3.00051 -13.97508
v 8.07228 3.00391 -13.71296
v 8.27942 2.98981 -13.30759
v 7.97710 2.73761 -12.97188
v 7.71416 2.70495 -12.72073
v 7.34749 2.72548 -12.74094
v 7.02725 2.70039 -12.92547
v 6.93628 2.72412 -13.28415
v 7.01537 2.70102 -13.64529
v 7.32469 2.71738 -13.85182
v 7.68365 2.73097 -13.84046
v 7.99627 2.70941 -13.65569
v 8.11317 2.71229 -13.30469
v 7.62223 2.53058 -12.98771
v 7.78814 2.51688 -13.10419
v 7.42417 2.54562 -12.99174
v 7.25312 2.51957 -13.09568
v 7.20409 2.55276 -13.28882
v 7.24498 2.51638 -13.48452
v 7.40929 2.51991 -13.60613
v 7.61063 2.53601 -13.60163
v 7.78431 2.50977 -13.49596
v 7.83207 2.54735 -13.29978
v 7.51667 2.46756 -13.29428
v 8.45465 3.89263 -13.06476
v 8.56431 3.84344 -12.74630
v 8.70927 3.79380 -12.88648
v 8.36419 3.79114 -12.76885
v 8.18233 3.85143 -12.85955
v 8.11865 3.84200 -13.05890
v 8.18049 3.83940 -13.25674
v 8.35350 3.79357 -13.35854
v 8.54701 3.80348 -13.36685
v 8.72363 3.84342 -13.26745
v 8.77782 3.81747 -13.07040
v 8.63835 3.61396 -12.53128
v 8.94111 3.63569 -12.72415
v 8.28859 3.61671 -12.52160
v 7.98648 3.63009 -12.71197
v 7.85316 3.64137 -13.05426
v 7.97241 3.63192 -13.40243
v 8.27126 3.61330 -13.59739
v 8.63237 3.64596 -13.64605
v 8.90608 3.61471 -13.40494
v 9.03740 3.62761 -13.07494
v 9.05882 3.35487 -12.64172
v 8.68840 3.35076 -12.38591
v 8.24263 3.35228 -12.37125
v 7.84810 3.35948 -12.60769
v 7.72692 3.35284 -13.05206
v 7.85334 3.35414 -13.48581
v 8.20540 3.36076 -13.78865
v 8.66365 3.35010 -13.74835
v 9.06167 3.35960 -13.52218
v 9.17564 3.35142 -13.07735
v 9.04236 3.04935 -12.65325
v 8.70179 3.04061 -12.34704
v 8.25016 3.05313 -12.39590
v 7.84928 3.04083 -12.60858
v 7.69961 3.04143 -13.05158
v 7.83205 3.04040 -13.50071
v 8.22708 3.05322 -13.72569
v 8.66285 3.05047 -13.74575
v 9.05468 3.04224 -13.51692
v 9.18112 3.04743 -13.07744
v 8.64924 2.76151 -12.49966
v 8.91122 2.79107 -12.74507
v 8.27808 2.75690 -12.48720
v 7.96418 2.74942 -12.69516
v 7.88885 2.78482 -13.05489
v 7.98624 2.78046 -13.39275
v 8.25723 2.75511 -13.63812
v 8.61910 2.78735 -13.60263
v 8.91238 2.77950 -13.40969
v 9.03811 2.77187 -13.07495
v 8.56105 2.57567 -12.75576
v 8.71904 2.58341 -12.87964
v 8.35601 2.55541 -12.74210
v 8.19136 2.57017 -12.86635
v 8.12428 2.56876 -13.05900
v 8.18563 2.57260 -13.25313
v 8.35177 2.59631 -13.36355
v 8.54932 2.58146 -13.37439
v 8.72721 2.54802 -13.27015
v 8.79333 2.55289 -13.07068
v 8.45465 2.49155 -13.06476
v 21.96306 3.40000 -13.27096
v 22.02406 3.40000 -13.27630
v 22.03608 0.00000 -13.31445
v 21.94459 0.00000 -13.30644
v 22.07096 3.40000 -13.23694
v 22.10644 0.00000 -13.25541
v 22.07630 3.40000 -13.17594
v 22.11445 0.00000 -13.16392
v 22.03694 3.40000 -13.12904
v 22.05541 0.00000 -13.09356
v 21.97594 3.40000 -13.12370
v 21.96392 0.00000 -13.08555
v 21.92904 3.40000 -13.16306
v 21.89356 0.00000 -13.14459
v 21.92370 3.40000 -13.22406
v 21.88555 0.00000 -13.23608
v 22.00000 5.49741 -13.20000
v 21.86302 5.38167 -13.74938
v 21.55696 5.40488 -13.57176
v 22.20770 5.35921 -13.71407
v 22.49214 5.40864 -13.50752
v 22.55160 5.35635 -13.16143
v 22.43008 5.37255 -12.83912
v 22.13146 5.33812 -12.67273
v 21.79075 5.36712 -12.68209
v 21.53584 5.34560 -12.90996
v 21.45070 5.35195 -13.23841
v 21.75951 5.02932 -14.16453
v 21.20191 5.06436 -13.86967
v 22.38018 5.04459 -14.14098
v 22.90338 5.08154 -13.76449
v 23.06071 5.08012 -13.12583
v 22.79609 5.06246 -12.53200
v 22.24690 5.04877 -12.20974
v 21.62775 5.02906 -12.27865
v 21.16731 5.02039 -12.67968
v 20.93845 5.08074 -13.27423
v 21.02755 4.56656 -14.01598
v 21.70516 4.55591 -14.38252
v 22.48064 4.56942 -14.38963
v 23.10456 4.57350 -13.89021
v 23.27861 4.56914 -13.11059
v 23.01140 4.57724 -12.35133
v 22.29250 4.55388 -12.02686
v 21.52386 4.56690 -12.02152
v 20.92955 4.56505 -12.53111
v 20.79101 4.55449 -13.28454
v 21.01539 4.03010 -14.02619
v 21.68257 4.02448 -14.47312
v 22.47919 4.03139 -14.38604
v 23.04904 4.04025 -13.85551
v 23.30729 4.02482 -13.10859
v 22.97181 4.03361 -12.38455
v 22.30695 4.03358 -11.96890
v 21.51321 4.02713 -11.99515
v 20.96302 4.04323 -12.55202
v 20.69527 4.02536 -13.29124
v 21.74706 3.53290 -14.21450
v 21.20714 3.54064 -13.86529
v 22.36900 3.57730 -14.11331
v 22.88800 3.53176 -13.75489
v 22.98261 3.57732 -13.13129
v 22.74601 3.58551 -12.57402
v 22.25462 3.52782 -12.17878
v 21.60550 3.52737 -12.22358
v 21.10560 3.52623 -12.64112
v 20.98894 3.55640 -13.27070
v 21.87027 3.27555 -13.72032
v 21.57768 3.24679 -13.55437
v 22.21438 3.20674 -13.73060
v 22.48886 3.19874 -13.50547
v 22.58156 3.18628 -13.15933
v 22.42266 3.24595 -12.84534
v 22.13257 3.25313 -12.66829
v 21.78576 3.20743 -12.66974
v 21.50707 3.18957 -12.89198
v 21.41124 3.17248 -13.24117
v 22.00000 3.14580 -13.20000
v 22.62032 4.40316 -13.00584
v 22.52410 4.30989 -13.39179
v 22.30260 4.34235 -13.27244
v 22.77369 4.33214 -13.38544
v 22.97580 4.35078 -13.22796
v 23.02833 4.33137 -12.97731
v 22.94028 4.34793 -12.73736
v 22.72470 4.37425 -12.58720
v 22.46309 4.35186 -12.61667
v 22.27456 4.32891 -12.78978
v 22.22200 4.31282 -13.03369
v 22.06012 4.08654 -13.47591
v 22.44044 4.09553 -13.72731
v 22.90944 4.11625 -13.72144
v 23.26756 4.10995 -13.41028
v 23.34778 4.08502 -12.95497
v 23.21343 4.11805 -12.50816
v 22.79949 4.09334 -12.28726
v 22.33670 4.10549 -12.30384
v 22.01519 4.07353 -12.62771
v 21.90869 4.07338 -13.05560
v 21.93198 3.73869 -13.58343
v 22.38765 3.75196 -13.93906
v 22.97352 3.74798 -13.88002
v 23.43320 3.75128 -13.51378
v 23.55759 3.74729 -12.94030
v 23.32319 3.74267 -12.41606
v 22.84476 3.74481 -12.10568
v 22.27013 3.74630 -12.13907
v 21.80643 3.75153 -12.49726
v 21.70211 3.74328 -13.07005
v 22.39371 3.35331 -13.91473
v 21.88300 3.34789 -13.62453
v 22.97870 3.34911 -13.89286
v 23.40562 3.35555 -13.49654
v 23.56204 3.35177 -12.93999
v 23.31840 3.35865 -12.42008
v 22.84490 3.35507 -12.10512
v 22.28322 3.36104 -12.17147
v 21.86624 3.36328 -12.53463
v 21.73903 3.36449 -13.06746
v 22.03986 2.99407 -13.49290
v 22.44142 3.00744 -13.72338
v 22.90963 2.98340 -13.72189
v 23.27132 2.98680 -13.41262
v 23.35274 3.01133 -12.95462
v 23.21625 2.97926 -12.50580
v 22.80166 3.00005 -12.27853
v 22.33469 2.99058 -12.29887
v 21.99629 3.01013 -12.61590
v 21.90190 3.02163 -13.05608
v 22.31493 2.78840 -13.26209
v 22.52378 2.78766 -13.39303
v 22.77634 2.75438 -13.39198
v 22.95634 2.79306 -13.21580
v 23.01177 2.80036 -12.97847
v 22.94659 2.73633 -12.73207
v 22.71605 2.79410 -12.62191
v 22.46668 2.76644 -12.62555
v 22.27117 2.76346 -12.78766
v 22.20419 2.75308 -13.03494
v 22.62032 2.67565 -13.00584
v 21.41182 4.48188 -13.43246
v 21.30667 4.43028 -13.85416
v 21.08306 4.41988 -13.70833
v 21.57322 4.42314 -13.83196
v 21.78296 4.43609 -13.66438
v 21.85494 4.44861 -13.40148
v 21.75936 4.46671 -13.14084
v 21.51452 4.41100 -13.02055
v 21.24687 4.44120 -13.02420
v 21.03664 4.44516 -13.19803
v 20.98796 4.41171 -13.46210
v 20.84275 4.14502 -13.90996
v 21.21372 4.20077 -14.22699
v 21.69879 4.16205 -14.14275
v 22.06251 4.16294 -13.83906
v 22.22229 4.19608 -13.37579
v 22.01583 4.17850 -12.92563
v 21.60042 4.17196 -12.67603
v 21.11093 4.18929 -12.68775
v 20.77992 4.14667 -13.03761
v 20.61575 4.18548 -13.48813
v 21.18561 3.79634 -14.33973
v 20.67437 3.80214 -14.05125
v 21.78289 3.80801 -14.35091
v 22.27427 3.81355 -13.97139
v 22.35589 3.79872 -13.36645
v 22.16837 3.80738 -12.79764
v 21.64291 3.80059 -12.50559
v 21.03777 3.80967 -12.50667
v 20.56666 3.80927 -12.90435
v 20.46662 3.79896 -13.49856
v 20.64034 3.38853 -14.07981
v 21.17224 3.39205 -14.39335
v 21.78371 3.39154 -14.35292
v 22.26506 3.38873 -13.96563
v 22.37742 3.39674 -13.36494
v 22.17798 3.38998 -12.78958
v 21.65660 3.38753 -12.45069
v 21.06113 3.40342 -12.56447
v 20.55611 3.38812 -12.89776
v 20.44958 3.39745 -13.49975
v 21.22936 3.04668 -14.16424
v 20.81411 3.02755 -13.93399
v 21.71051 3.01501 -14.17175
v 22.06105 3.03832 -13.83815
v 22.22069 3.00510 -13.37590
v 21.99728 3.03927 -12.94120
v 21.60213 3.02284 -12.66917
v 21.12188 3.03215 -12.71484
v 20.74130 3.01991 -13.01348
v 20.65555 3.04379 -13.48535
v 21.09007 2.79761 -13.70244
v 21.30426 2.75065 -13.86385
v 21.57845 2.75020 -13.84490
v 21.78223 2.76556 -13.66393
v 21.86287 2.73621 -13.40092
v 21.73441 2.79550 -13.16177
v 21.52047 2.74202 -12.99670
v 21.25466 2.79855 -13.04349
v 21.02678 2.73262 -13.19186
v 20.97364 2.76086 -13.46310
v 21.41182 2.67017 -13.43246
v 1.30000 0.25000 -5.32000
v 1.30000 0.30000 -5.37000
v 1.40000 0.22000 -5.42000
v 1.40000 0.17000 -5.37000
v 1.30000 1.83000 -5.37000
v 1.40000 1.87000 -5.42000
v 1.30000 1.94314 -5.32314
v 1.40000 1.99728 -5.36728
v 1.30000 1.99000 -5.21000
v 1.40000 2.05000 -5.24000
v 1.30000 1.99000 -4.91000
v 1.40000 2.05000 -4.93500
v 1.30000 1.99000 -4.45000
v 1.40000 2.05000 -4.45000
v 1.30000 1.99000 -3.99000
v 1.40000 2.05000 -3.96500
v 1.30000 1.99000 -3.69000
v 1.40000 2.05000 -3.66000
v 1.30000 1.94314 -3.57686
v 1.40000 1.99728 -3.53272
v 1.30000 1.83000 -3.53000
v 1.40000 1.87000 -3.48000
v 1.30000 0.30000 -3.53000
v 1.40000 0.22000 -3.48000
v 1.30000 0.25000 -3.58000
v 1.40000 0.17000 -3.53000
v 1.64000 0.22000 -5.44000
v 1.64000 0.17000 -5.39000
v 1.64000 1.89000 -5.44000
v 1.64000 2.01728 -5.38728
v 1.64000 2.07000 -5.26000
v 1.64000 2.07000 -4.94500
v 1.64000 2.07000 -4.45000
v 1.64000 2.07000 -3.95500
v 1.64000 2.07000 -3.64000
v 1.64000 2.01728 -3.51272
v 1.64000 1.89000 -3.46000
v 1.64000 0.22000 -3.46000
v 1.64000 0.17000 -3.51000
v 1.76000 0.52984 -5.44000
v 1.76000 0.47984 -5.39000
v 1.76000 1.89000 -5.44000
v 1.76000 2.01728 -5.38728
v 1.76000 2.07000 -5.26000
v 1.76000 2.07000 -4.94500
v 1.76000 2.07000 -4.45000
v 1.76000 2.07000 -3.95500
v 1.76000 2.07000 -3.64000
v 1.76000 2.01728 -3.51272
v 1.76000 1.89000 -3.46000
v 1.76000 0.52984 -3.46000
v 1.76000 0.47984 -3.51000
v 1.92000 0.64332 -5.44000
v 1.92000 0.59332 -5.39000
v 1.92000 1.89000 -5.44000
v 1.92000 2.01728 -5.38728
v 1.92000 2.07000 -5.26000
v 1.92000 2.07000 -4.94500
v 1.92000 2.07000 -4.45000
v 1.92000 2.07000 -3.95500
v 1.92000 2.07000 -3.64000
v 1.92000 2.01728 -3.51272
v 1.92000 1.89000 -3.46000
v 1.92000 0.64332 -3.46000
v 1.92000 0.59332 -3.51000
v 2.10000 0.68000 -5.44000
v 2.10000 0.63000 -5.39000
v 2.10000 1.89000 -5.44000
v 2.10000 2.01728 -5.38728
v 2.10000 2.07000 -5.26000
v 2.10000 2.07000 -4.94500
v 2.10000 2.07000 -4.45000
v 2.10000 2.07000 -3.95500
v 2.10000 2.07000 -3.64000
v 2.10000 2.01728 -3.51272
v 2.10000 1.89000 -3.46000
v 2.10000 0.68000 -3.46000
v 2.10000 0.63000 -3.51000
v 2.28000 0.64332 -5.44000
v 2.28000 0.59332 -5.39000
v 2.28000 1.89000 -5.44000
v 2.28000 2.01728 -5.38728
v 2.28000 2.07000 -5.26000
v 2.28000 2.07000 -4.94500
v 2.28000 2.07000 -4.45000
v 2.28000 2.07000 -3.95500
v 2.28000 2.07000 -3.64000
v 2.28000 2.01728 -3.51272
v 2.28000 1.89000 -3.46000
v 2.28000 0.64332 -3.46000
v 2.28000 0.59332 -3.51000
v 2.44000 0.52984 -5.44000
v 2.44000 0.47984 -5.39000
v 2.44000 1.89000 -5.44000
v 2.44000 2.01728 -5.38728
v 2.44000 2.07000 -5.26000
v 2.44000 2.07000 -4.94500
v 2.44000 2.07000 -4.45000
v 2.44000 2.07000 -3.95500
v 2.44000 2.07000 -3.64000
v 2.44000 2.01728 -3.51272
v 2.44000 1.89000 -3.46000
v 2.44000 0.52984 -3.46000
v 2.44000 0.47984 -3.51000
v 2.56000 0.22000 -5.44000
v 2.56000 0.17000 -5.39000
v 2.56000 1.89000 -5.44000
v 2.56000 2.01728 -5.38728
v 2.56000 2.07000 -5.26000
v 2.56000 2.07000 -4.94500
v 2.56000 2.07000 -4.45000
v 2.56000 2.07000 -3.95500
v 2.56000 2.07000 -3.64000
v 2.56000 2.01728 -3.51272
v 2.56000 1.89000 -3.46000
v 2.56000 0.22000 -3.46000
v 2.56000 0.17000 -3.51000
v 3.20000 0.22000 -5.44000
v 3.20000 0.17000 -5.39000
v 3.20000 1.89000 -5.44000
v 3.20000 2.01728 -5.38728
v 3.20000 2.07000 -5.26000
v 3.20000 2.07000 -4.94500
v 3.20000 2.07000 -4.45000
v 3.20000 2.07000 -3.95500
v 3.20000 2.07000 -3.64000
v 3.20000 2.01728 -3.51272
v 3.20000 1.89000 -3.46000
v 3.20000 0.22000 -3.46000
v 3.20000 0.17000 -3.51000
v 4.40000 0.22000 -5.44000
v 4.40000 0.17000 -5.39000
v 4.40000 1.89000 -5.44000
v 4.40000 2.01728 -5.38728
v 4.40000 2.07000 -5.26000
v 4.40000 2.07000 -4.94500
v 4.40000 2.07000 -4.45000
v 4.40000 2.07000 -3.95500
v 4.40000 2.07000 -3.64000
v 4.40000 2.01728 -3.51272
v 4.40000 1.89000 -3.46000
v 4.40000 0.22000 -3.46000
v 4.40000 0.17000 -3.51000
v 5.04000 0.22000 -5.44000
v 5.04000 0.17000 -5.39000
v 5.04000 1.87000 -5.44000
v 5.04000 1.99728 -5.38728
v 5.04000 2.05000 -5.26000
v 5.04000 2.05000 -4.94500
v 5.04000 2.05000 -4.45000
v 5.04000 2.05000 -3.95500
v 5.04000 2.05000 -3.64000
v 5.04000 1.99728 -3.51272
v 5.04000 1.87000 -3.46000
v 5.04000 0.22000 -3.46000
v 5.04000 0.17000 -3.51000
v 5.16000 0.52984 -5.44000
v 5.16000 0.47984 -5.39000
v 5.16000 1.78000 -5.44000
v 5.16000 1.90021 -5.39021
v 5.16000 1.95000 -5.27000
v 5.16000 1.95000 -4.94500
v 5.16000 1.95000 -4.45000
v 5.16000 1.95000 -3.95500
v 5.16000 1.95000 -3.63000
v 5.16000 1.90021 -3.50979
v 5.16000 1.78000 -3.46000
v 5.16000 0.52984 -3.46000
v 5.16000 0.47984 -3.51000
v 5.30000 0.63425 -5.44000
v 5.30000 0.58425 -5.39000
v 5.30000 1.66000 -5.44000
v 5.30000 1.78021 -5.39021
v 5.30000 1.83000 -5.27000
v 5.30000 1.83000 -4.94500
v 5.30000 1.83000 -4.45000
v 5.30000 1.83000 -3.95500
v 5.30000 1.83000 -3.63000
v 5.30000 1.78021 -3.50979
v 5.30000 1.66000 -3.46000
v 5.30000 0.63425 -3.46000
v 5.30000 0.58425 -3.51000
v 5.66000 0.65128 -5.44000
v 5.66000 0.60128 -5.39000
v 5.66000 1.04000 -5.44000
v 5.66000 1.16021 -5.39021
v 5.66000 1.21000 -5.27000
v 5.66000 1.21000 -4.94500
v 5.66000 1.21000 -4.45000
v 5.66000 1.21000 -3.95500
v 5.66000 1.21000 -3.63000
v 5.66000 1.16021 -3.50979
v 5.66000 1.04000 -3.46000
v 5.66000 0.65128 -3.46000
v 5.66000 0.60128 -3.51000
v 5.84000 0.52984 -5.43000
v 5.84000 0.47984 -5.38000
v 5.84000 0.89000 -5.43000
v 5.84000 0.99607 -5.38607
v 5.84000 1.04000 -5.28000
v 5.84000 1.04000 -4.94000
v 5.84000 1.02000 -4.45000
v 5.84000 1.04000 -3.96000
v 5.84000 1.04000 -3.62000
v 5.84000 0.99607 -3.51393
v 5.84000 0.89000 -3.47000
v 5.84000 0.52984 -3.47000
v 5.84000 0.47984 -3.52000
v 5.96000 0.22000 -5.42500
v 5.96000 0.17000 -5.37500
v 5.96000 0.85000 -5.42500
v 5.96000 0.95607 -5.38107
v 5.96000 1.00000 -5.27500
v 5.96000 1.00000 -4.93750
v 5.96000 0.97000 -4.45000
v 5.96000 1.00000 -3.96250
v 5.96000 1.00000 -3.62500
v 5.96000 0.95607 -3.51893
v 5.96000 0.85000 -3.47500
v 5.96000 0.22000 -3.47500
v 5.96000 0.17000 -3.52500
v 6.10000 0.22000 -5.41000
v 6.10000 0.17000 -5.36000
v 6.10000 0.81000 -5.41000
v 6.10000 0.90899 -5.36899
v 6.10000 0.95000 -5.27000
v 6.10000 0.95000 -4.93000
v 6.10000 0.91000 -4.45000
v 6.10000 0.95000 -3.97000
v 6.10000 0.95000 -3.63000
v 6.10000 0.90899 -3.53101
v 6.10000 0.81000 -3.49000
v 6.10000 0.22000 -3.49000
v 6.10000 0.17000 -3.54000
v 6.24000 0.28000 -5.37000
v 6.24000 0.23000 -5.32000
v 6.24000 0.75000 -5.37000
v 6.24000 0.83485 -5.33485
v 6.24000 0.87000 -5.25000
v 6.24000 0.87000 -4.91000
v 6.24000 0.83000 -4.45000
v 6.24000 0.87000 -3.99000
v 6.24000 0.87000 -3.65000
v 6.24000 0.83485 -3.56515
v 6.24000 0.75000 -3.53000
v 6.24000 0.28000 -3.53000
v 6.24000 0.23000 -3.58000
v 6.30000 0.37000 -5.29000
v 6.30000 0.32000 -5.24000
v 6.30000 0.67000 -5.29000
v 6.30000 0.74071 -5.26071
v 6.30000 0.77000 -5.19000
v 6.30000 0.77000 -4.87000
v 6.30000 0.75000 -4.45000
v 6.30000 0.77000 -4.03000
v 6.30000 0.77000 -3.71000
v 6.30000 0.74071 -3.63929
v 6.30000 0.67000 -3.61000
v 6.30000 0.37000 -3.61000
v 6.30000 0.32000 -3.66000
v 6.30600 0.43000 -4.13000
v 6.30600 0.43000 -4.77000
v 6.30600 0.64000 -4.77000
v 6.30600 0.64000 -4.13000
v 6.34000 0.61747 -5.14853
v 6.34000 0.57147 -5.10253
v 6.27000 0.57147 -5.10253
v 6.27000 0.61747 -5.14853
v 6.34000 0.57147 -5.03747
v 6.27000 0.57147 -5.03747
v 6.34000 0.61747 -4.99147
v 6.27000 0.61747 -4.99147
v 6.34000 0.68253 -4.99147
v 6.27000 0.68253 -4.99147
v 6.34000 0.72853 -5.03747
v 6.27000 0.72853 -5.03747
v 6.34000 0.72853 -5.10253
v 6.27000 0.72853 -5.10253
v 6.34000 0.68253 -5.14853
v 6.27000 0.68253 -5.14853
v 1.29700 0.95000 -5.23000
v 1.29700 0.95000 -5.33000
v 1.29700 0.55000 -5.33000
v 1.29700 0.55000 -5.23000
v 6.34000 0.61747 -3.90853
v 6.34000 0.57147 -3.86253
v 6.27000 0.57147 -3.86253
v 6.27000 0.61747 -3.90853
v 6.34000 0.57147 -3.79747
v 6.27000 0.57147 -3.79747
v 6.34000 0.61747 -3.75147
v 6.27000 0.61747 -3.75147
v 6.34000 0.68253 -3.75147
v 6.27000 0.68253 -3.75147
v 6.34000 0.72853 -3.79747
v 6.27000 0.72853 -3.79747
v 6.34000 0.72853 -3.86253
v 6.27000 0.72853 -3.86253
v 6.34000 0.68253 -3.90853
v 6.27000 0.68253 -3.90853
v 1.29700 0.95000 -3.57000
v 1.29700 0.95000 -3.67000
v 1.29700 0.55000 -3.67000
v 1.29700 0.55000 -3.57000
v 5.04000 0.17000 -5.09000
v 5.10163 0.40000 -5.09000
v 5.27000 0.56837 -5.09000
v 5.50000 0.63000 -5.09000
v 5.73000 0.56837 -5.09000
v 5.89837 0.40000 -5.09000
v 5.96000 0.17000 -5.09000
v 5.96000 0.17000 -3.81000
v 5.89837 0.40000 -3.81000
v 5.73000 0.56837 -3.81000
v 5.50000 0.63000 -3.81000
v 5.27000 0.56837 -3.81000
v 5.10163 0.40000 -3.81000
v 5.04000 0.17000 -3.81000
v 1.64000 0.17000 -5.09000
v 1.70163 0.40000 -5.09000
v 1.87000 0.56837 -5.09000
v 2.10000 0.63000 -5.09000
v 2.33000 0.56837 -5.09000
v 2.49837 0.40000 -5.09000
v 2.56000 0.17000 -5.09000
v 2.56000 0.17000 -3.81000
v 2.49837 0.40000 -3.81000
v 2.33000 0.56837 -3.81000
v 2.10000 0.63000 -3.81000
v 1.87000 0.56837 -3.81000
v 1.70163 0.40000 -3.81000
v 1.64000 0.17000 -3.81000
v 6.04000 0.23000 -3.48000
v 6.37000 0.23000 -3.52000
v 6.37000 0.37000 -3.52000
v 6.04000 0.37000 -3.48000
v 6.37000 0.23000 -5.38000
v 6.37000 0.37000 -5.38000
v 6.04000 0.23000 -5.42000
v 6.04000 0.37000 -5.42000
v 6.04000 0.23000 -5.35000
v 6.04000 0.37000 -5.35000
v 6.29000 0.23000 -5.31000
v 6.29000 0.37000 -5.31000
v 6.29000 0.23000 -3.59000
v 6.29000 0.37000 -3.59000
v 6.04000 0.23000 -3.55000
v 6.04000 0.37000 -3.55000
v 1.56000 0.37000 -3.50000
v 1.24000 0.37000 -3.54000
v 1.24000 0.25000 -3.54000
v 1.56000 0.25000 -3.50000
v 1.24000 0.37000 -5.36000
v 1.24000 0.25000 -5.36000
v 1.56000 0.37000 -5.40000
v 1.56000 0.25000 -5.40000
v 1.56000 0.37000 -5.33000
v 1.56000 0.25000 -5.33000
v 1.32000 0.37000 -5.29000
v 1.32000 0.25000 -5.29000
v 1.32000 0.37000 -3.61000
v 1.32000 0.25000 -3.61000
v 1.56000 0.37000 -3.57000
v 1.56000 0.25000 -3.57000
v 6.30200 0.40000 -4.09000
v 6.30200 0.40000 -4.81000
v 6.30200 0.67000 -4.81000
v 6.30200 0.67000 -4.09000
v 5.62746 1.27401 -4.48500
v 5.62746 1.27401 -5.20000
v 5.33946 1.77001 -5.20000
v 5.33946 1.77001 -4.48500
v 5.62746 1.27401 -3.70000
v 5.62746 1.27401 -4.41500
v 5.33946 1.77001 -4.41500
v 5.33946 1.77001 -3.70000
v 4.65000 1.77000 -5.44400
v 5.10000 1.77000 -5.44400
v 5.10000 1.17000 -5.44400
v 4.65000 1.17000 -5.44400
v 1.29600 1.75000 -4.53000
v 1.29600 1.75000 -5.07000
v 1.29600 1.30000 -5.07000
v 1.29600 1.30000 -4.53000
v 4.65000 1.17000 -3.45600
v 5.10000 1.17000 -3.45600
v 5.10000 1.77000 -3.45600
v 4.65000 1.77000 -3.45600
v 1.29600 1.75000 -3.83000
v 1.29600 1.75000 -4.37000
v 1.29600 1.30000 -4.37000
v 1.29600 1.30000 -3.83000
v 5.81876 0.25421 -5.37000
v 5.73335 0.40215 -5.37000
v 5.73335 0.40215 -5.17000
v 5.81876 0.25421 -5.17000
v 5.64489 0.20762 -5.37000
v 5.60607 0.27487 -5.37000
v 5.58541 0.48756 -5.37000
v 5.58541 0.48756 -5.17000
v 5.53882 0.31369 -5.37000
v 5.41459 0.48756 -5.37000
v 5.41459 0.48756 -5.17000
v 5.46118 0.31369 -5.37000
v 5.26665 0.40215 -5.37000
v 5.26665 0.40215 -5.17000
v 5.39393 0.27487 -5.37000
v 5.18124 0.25421 -5.37000
v 5.18124 0.25421 -5.17000
v 5.35511 0.20762 -5.37000
v 5.18124 0.08339 -5.37000
v 5.18124 0.08339 -5.17000
v 5.35511 0.12998 -5.37000
v 5.26665 -0.06455 -5.37000
v 5.26665 -0.06455 -5.17000
v 5.39393 0.06273 -5.37000
v 5.41459 -0.14996 -5.37000
v 5.41459 -0.14996 -5.17000
v 5.46118 0.02391 -5.37000
v 5.58541 -0.14996 -5.37000
v 5.58541 -0.14996 -5.17000
v 5.53882 0.02391 -5.37000
v 5.73335 -0.06455 -5.37000
v 5.73335 -0.06455 -5.17000
v 5.60607 0.06273 -5.37000
v 5.81876 0.08339 -5.37000
v 5.81876 0.08339 -5.17000
v 5.64489 0.12998 -5.37000
v 5.50000 0.16880 -5.39500
v 5.18124 0.25421 -3.53000
v 5.26665 0.40215 -3.53000
v 5.26665 0.40215 -3.73000
v 5.18124 0.25421 -3.73000
v 5.35511 0.20762 -3.53000
v 5.39393 0.27487 -3.53000
v 5.41459 0.48756 -3.53000
v 5.41459 0.48756 -3.73000
v 5.46118 0.31369 -3.53000
v 5.58541 0.48756 -3.53000
v 5.58541 0.48756 -3.73000
v 5.53882 0.31369 -3.53000
v 5.73335 0.40215 -3.53000
v 5.73335 0.40215 -3.73000
v 5.60607 0.27487 -3.53000
v 5.81876 0.25421 -3.53000
v 5.81876 0.25421 -3.73000
v 5.64489 0.20762 -3.53000
v 5.81876 0.08339 -3.53000
v 5.81876 0.08339 -3.73000
v 5.64489 0.12998 -3.53000
v 5.73335 -0.06455 -3.53000
v 5.73335 -0.06455 -3.73000
v 5.60607 0.06273 -3.53000
v 5.58541 -0.14996 -3.53000
v 5.58541 -0.14996 -3.73000
v 5.53882 0.02391 -3.53000
v 5.41459 -0.14996 -3.53000
v 5.41459 -0.14996 -3.73000
v 5.46118 0.02391 -3.53000
v 5.26665 -0.06455 -3.53000
v 5.26665 -0.06455 -3.73000
v 5.39393 0.06273 -3.53000
v 5.18124 0.08339 -3.53000
v 5.18124 0.08339 -3.73000
v 5.35511 0.12998 -3.53000
v 5.50000 0.16880 -3.50500
v 2.41876 0.25421 -5.37000
v 2.33335 0.40215 -5.37000
v 2.33335 0.40215 -5.17000
v 2.41876 0.25421 -5.17000
v 2.24489 0.20762 -5.37000
v 2.20607 0.27487 -5.37000
v 2.18541 0.48756 -5.37000
v 2.18541 0.48756 -5.17000
v 2.13882 0.31369 -5.37000
v 2.01459 0.48756 -5.37000
v 2.01459 0.48756 -5.17000
v 2.06118 0.31369 -5.37000
v 1.86665 0.40215 -5.37000
v 1.86665 0.40215 -5.17000
v 1.99393 0.27487 -5.37000
v 1.78124 0.25421 -5.37000
v 1.78124 0.25421 -5.17000
v 1.95511 0.20762 -5.37000
v 1.78124 0.08339 -5.37000
v 1.78124 0.08339 -5.17000
v 1.95511 0.12998 -5.37000
v 1.86665 -0.06455 -5.37000
v 1.86665 -0.06455 -5.17000
v 1.99393 0.06273 -5.37000
v 2.01459 -0.14996 -5.37000
v 2.01459 -0.14996 -5.17000
v 2.06118 0.02391 -5.37000
v 2.18541 -0.14996 -5.37000
v 2.18541 -0.14996 -5.17000
v 2.13882 0.02391 -5.37000
v 2.33335 -0.06455 -5.37000
v 2.33335 -0.06455 -5.17000
v 2.20607 0.06273 -5.37000
v 2.41876 0.08339 -5.37000
v 2.41876 0.08339 -5.17000
v 2.24489 0.12998 -5.37000
v 2.10000 0.16880 -5.39500
v 1.78124 0.25421 -3.53000
v 1.86665 0.40215 -3.53000
v 1.86665 0.40215 -3.73000
v 1.78124 0.25421 -3.73000
v 1.95511 0.20762 -3.53000
v 1.99393 0.27487 -3.53000
v 2.01459 0.48756 -3.53000
v 2.01459 0.48756 -3.73000
v 2.06118 0.31369 -3.53000
v 2.18541 0.48756 -3.53000
v 2.18541 0.48756 -3.73000
v 2.13882 0.31369 -3.53000
v 2.33335 0.40215 -3.53000
v 2.33335 0.40215 -3.73000
v 2.20607 0.27487 -3.53000
v 2.41876 0.25421 -3.53000
v 2.41876 0.25421 -3.73000
v 2.24489 0.20762 -3.53000
v 2.41876 0.08339 -3.53000
v 2.41876 0.08339 -3.73000
v 2.24489 0.12998 -3.53000
v 2.33335 -0.06455 -3.53000
v 2.33335 -0.06455 -3.73000
v 2.20607 0.06273 -3.53000
v 2.18541 -0.14996 -3.53000
v 2.18541 -0.14996 -3.73000
v 2.13882 0.02391 -3.53000
v 2.01459 -0.14996 -3.53000
v 2.01459 -0.14996 -3.73000
v 2.06118 0.02391 -3.53000
v 1.86665 -0.06455 -3.53000
v 1.86665 -0.06455 -3.73000
v 1.99393 0.06273 -3.53000
v 1.78124 0.08339 -3.53000
v 1.78124 0.08339 -3.73000
v 1.95511 0.12998 -3.53000
v 2.10000 0.16880 -3.50500
v 6.40000 -0.14000 -3.30000
v 6.40000 -0.14000 -5.60000
v 1.20000 -0.14000 -5.60000
v 1.20000 -0.14000 -3.30000
vt 0.500000 0.500000
vt 0.000000 0.000000
vt 0.500000 0.000000
vt 0.500000 1.000000
vt 0.000000 1.000000
vt 0.043478 0.750000
vt 0.456522 0.750000
vt 0.456522 1.000000
vt 0.043478 1.000000
vt 1.000000 0.000000
vt 1.000000 1.000000
vt 0.406250 0.656250
vt 0.046875 0.875000
vt 0.953125 0.875000
vt 0.953125 1.000000
vt 0.046875 1.000000
vt 0.406250 0.593750
vt 0.531250 0.593750
vt 0.586957 0.750000
vt 0.913043 0.750000
vt 0.913043 1.000000
vt 0.586957 1.000000
vt 0.586957 0.000000
vt 0.913043 0.000000
vt 0.913043 0.250000
vt 0.586957 0.250000
vt 0.046875 0.750000
vt 0.953125 0.750000
vt 0.593750 0.281250
vt 0.468750 0.281250
vt 0.203125 0.000000
vt 0.218750 0.004187
vt 0.230188 0.015625
vt 0.234375 0.031250
vt 0.234375 0.343750
vt 0.230188 0.359375
vt 0.218750 0.370813
vt 0.203125 0.375000
vt 0.046875 0.375000
vt 0.031250 0.370813
vt 0.019812 0.359375
vt 0.015625 0.343750
vt 0.015625 0.031250
vt 0.019812 0.015625
vt 0.031250 0.004187
vt 0.046875 0.000000
vt 0.043478 0.500000
vt 0.456522 0.500000
vt 0.046875 0.625000
vt 0.953125 0.625000
vt 0.531250 0.281250
vt 0.586957 0.500000
vt 0.913043 0.500000
vt 0.086957 0.000000
vt 0.413043 0.000000
vt 0.413043 0.250000
vt 0.086957 0.250000
vt 0.046875 0.500000
vt 0.953125 0.500000
vt 0.453125 0.000000
vt 0.468750 0.004187
vt 0.480188 0.015625
vt 0.484375 0.031250
vt 0.484375 0.343750
vt 0.480188 0.359375
vt 0.468750 0.370813
vt 0.453125 0.375000
vt 0.296875 0.375000
vt 0.281250 0.370813
vt 0.269812 0.359375
vt 0.265625 0.343750
vt 0.265625 0.031250
vt 0.269812 0.015625
vt 0.281250 0.004187
vt 0.296875 0.000000
vt 0.043478 0.250000
vt 0.456522 0.250000
vt 0.953125 0.375000
vt 0.703125 0.000000
vt 0.718750 0.004187
vt 0.730188 0.015625
vt 0.734375 0.031250
vt 0.734375 0.343750
vt 0.730188 0.359375
vt 0.718750 0.370813
vt 0.703125 0.375000
vt 0.546875 0.375000
vt 0.531250 0.370813
vt 0.519812 0.359375
vt 0.515625 0.343750
vt 0.515625 0.031250
vt 0.519812 0.015625
vt 0.531250 0.004187
vt 0.546875 0.000000
vt 0.468750 0.656250
vt 0.031250 0.531250
vt 0.031250 0.656250
vt 0.218750 0.718750
vt 0.531250 0.656250
vt 0.406250 0.718750
vt 0.656250 0.281250
vn 0.0000 1.0000 0.0000
vn -1.0000 -0.0000 0.0000
vn 1.0000 0.0000 0.0000
vn 0.0000 0.0000 -1.0000
vn 0.0000 0.0000 1.0000
vn 0.0000 -1.0000 0.0000
vn 0.0000 0.9487 0.3162
vn 0.0000 -0.9487 -0.3162
vn 0.0000 0.8944 0.4472
vn 0.0000 -0.8944 -0.4472
vn 0.0000 -0.9997 0.0244
vn 0.0000 -0.8660 0.5000
vn 0.0000 -0.5000 0.8660
vn 0.0000 -0.0128 0.9999
vn 0.0000 0.0128 0.9999
vn 0.0000 0.5000 0.8660
vn 0.0000 0.8660 0.5000
vn 0.0000 0.9997 0.0244
vn 0.0000 0.9997 -0.0244
vn 0.0000 0.8660 -0.5000
vn 0.0000 0.5000 -0.8660
vn 0.0000 0.0128 -0.9999
vn 0.0000 -0.0128 -0.9999
vn 0.0000 -0.5000 -0.8660
vn 0.0000 -0.8660 -0.5000
vn 0.0000 -0.9997 -0.0244
vn 0.9239 0.0000 0.3827
vn 0.3827 0.0000 0.9239
vn -0.3827 0.0000 0.9239
vn -0.9239 0.0000 0.3827
vn -0.9239 0.0000 -0.3827
vn -0.3827 0.0000 -0.9239
vn 0.3827 0.0000 -0.9239
vn 0.9239 0.0000 -0.3827
vn 0.9081 0.1843 0.3761
vn 0.3761 0.1843 0.9081
vn -0.3761 0.1843 0.9081
vn -0.9081 0.1843 0.3761
vn -0.9081 0.1843 -0.3761
vn -0.3761 0.1843 -0.9081
vn 0.3761 0.1843 -0.9081
vn 0.9081 0.1843 -0.3761
vn 0.8492 -0.3939 0.3517
vn 0.3517 -0.3939 0.8492
vn -0.3517 -0.3939 0.8492
vn -0.8492 -0.3939 0.3517
vn -0.8492 -0.3939 -0.3517
vn -0.3517 -0.3939 -0.8492
vn 0.3517 -0.3939 -0.8492
vn 0.8492 -0.3939 -0.3517
vn 0.4274 0.8491 0.3105
vn 0.5283 0.8491 0.0000
vn 0.1632 0.8491 0.5024
vn -0.1632 0.8491 0.5024
vn -0.4274 0.8491 0.3105
vn -0.5283 0.8491 0.0000
vn -0.4274 0.8491 -0.3105
vn -0.1632 0.8491 -0.5024
vn 0.1632 0.8491 -0.5024
vn 0.4274 0.8491 -0.3105
vn 0.6529 0.5905 0.4744
vn 0.8070 0.5905 0.0000
vn 0.2494 0.5905 0.7675
vn -0.2494 0.5905 0.7675
vn -0.6529 0.5905 0.4744
vn -0.8070 0.5905 -0.0000
vn -0.6529 0.5905 -0.4744
vn -0.2494 0.5905 -0.7675
vn 0.2494 0.5905 -0.7675
vn 0.6529 0.5905 -0.4744
vn 0.7908 0.2109 0.5746
vn 0.9775 0.2109 0.0000
vn 0.3021 0.2109 0.9297
vn -0.3021 0.2109 0.9297
vn -0.7908 0.2109 0.5746
vn -0.9775 0.2109 -0.0000
vn -0.7908 0.2109 -0.5746
vn -0.3021 0.2109 -0.9297
vn 0.3021 0.2109 -0.9297
vn 0.7908 0.2109 -0.5746
vn 0.7908 -0.2109 0.5746
vn 0.9775 -0.2109 0.0000
vn 0.3021 -0.2109 0.9297
vn -0.3021 -0.2109 0.9297
vn -0.7908 -0.2109 0.5746
vn -0.9775 -0.2109 -0.0000
vn -0.7908 -0.2109 -0.5746
vn -0.3021 -0.2109 -0.9297
vn 0.3021 -0.2109 -0.9297
vn 0.7908 -0.2109 -0.5746
vn 0.6529 -0.5905 0.4744
vn 0.8070 -0.5905 0.0000
vn 0.2494 -0.5905 0.7675
vn -0.2494 -0.5905 0.7675
vn -0.6529 -0.5905 0.4744
vn -0.8070 -0.5905 -0.0000
vn -0.6529 -0.5905 -0.4744
vn -0.2494 -0.5905 -0.7675
vn 0.2494 -0.5905 -0.7675
vn 0.6529 -0.5905 -0.4744
vn 0.4274 -0.8491 0.3105
vn 0.5283 -0.8491 0.0000
vn 0.1632 -0.8491 0.5024
vn -0.1632 -0.8491 0.5024
vn -0.4274 -0.8491 0.3105
vn -0.5283 -0.8491 0.0000
vn -0.4274 -0.8491 -0.3105
vn -0.1632 -0.8491 -0.5024
vn 0.1632 -0.8491 -0.5024
vn 0.4274 -0.8491 -0.3105
vn 0.6533 0.7071 0.2706
vn 0.2706 0.7071 0.6533
vn -0.2706 0.7071 0.6533
vn -0.6533 0.7071 0.2706
vn -0.6533 0.7071 -0.2706
vn -0.2706 0.7071 -0.6533
vn 0.2706 0.7071 -0.6533
vn 0.6533 0.7071 -0.2706
vn 0.4369 0.4864 0.7567
vn 0.0000 0.3939 0.9191
vn 0.7960 0.3939 0.4596
vn -0.4369 0.4864 0.7567
vn -0.7960 0.3939 0.4596
vn -0.8737 0.4864 0.0000
vn -0.7960 0.3939 -0.4596
vn -0.4369 0.4864 -0.7567
vn 0.0000 0.3939 -0.9191
vn 0.4369 0.4864 -0.7567
vn 0.7960 0.3939 -0.4596
vn 0.8737 0.4864 0.0000
vn 0.9808 0.1951 0.0000
vn 0.9239 0.3827 0.0000
vn 0.7071 0.7071 0.0000
vn 0.3827 0.9239 0.0000
vn -0.3827 0.9239 0.0000
vn -0.7071 0.7071 0.0000
vn -0.9239 0.3827 0.0000
vn -0.9808 0.1951 0.0000
vn 0.9990 0.0118 0.0436
vn 0.6755 0.0118 0.7372
vn -0.0436 0.0118 0.9990
vn -0.7372 0.0118 0.6755
vn -0.9990 0.0118 -0.0436
vn -0.6755 0.0118 -0.7372
vn 0.0436 0.0118 -0.9990
vn 0.7372 0.0118 -0.6755
vn -0.0240 0.9995 -0.0218
vn 0.3879 0.9022 0.1884
vn 0.4446 0.8899 -0.1023
vn 0.3732 0.8751 0.3081
vn 0.0948 0.9067 0.4111
vn -0.2846 0.8905 0.3550
vn -0.4258 0.9025 0.0657
vn -0.4213 0.8832 -0.2062
vn -0.2724 0.9045 -0.3281
vn -0.0554 0.8670 -0.4952
vn 0.1968 0.8868 -0.4183
vn 0.7590 0.6208 0.1961
vn 0.7197 0.6075 -0.3360
vn 0.5233 0.6083 0.5968
vn -0.0440 0.6359 0.7705
vn -0.4293 0.6792 0.5954
vn -0.7436 0.6193 0.2521
vn -0.7058 0.6702 -0.2294
vn -0.5058 0.6540 -0.5626
vn -0.0343 0.6087 -0.7926
vn 0.3843 0.6374 -0.6679
vn 0.9250 0.2668 -0.2707
vn 0.9257 0.2397 0.2926
vn 0.5743 0.1783 0.7990
vn 0.0986 0.2247 0.9694
vn -0.5434 0.1988 0.8156
vn -0.9306 0.2174 0.2946
vn -0.9306 0.2310 -0.2838
vn -0.5153 0.2651 -0.8150
vn -0.0001 0.2392 -0.9710
vn 0.5304 0.2222 -0.8181
vn 0.9205 -0.1889 -0.3420
vn 0.9121 -0.2381 0.3337
vn 0.6416 -0.1973 0.7412
vn 0.0425 -0.2501 0.9673
vn -0.5208 -0.2866 0.8042
vn -0.9090 -0.2451 0.3373
vn -0.9348 -0.2618 -0.2400
vn -0.6544 -0.1434 -0.7424
vn -0.0237 -0.1865 -0.9822
vn 0.5188 -0.1949 -0.8324
vn 0.7313 -0.6623 0.1629
vn 0.6549 -0.7182 -0.2351
vn 0.4806 -0.6225 0.6176
vn 0.0274 -0.6175 0.7861
vn -0.4615 -0.6299 0.6247
vn -0.7327 -0.6432 0.2223
vn -0.7243 -0.6767 -0.1323
vn -0.5056 -0.5963 -0.6236
vn -0.0262 -0.6378 -0.7697
vn 0.4456 -0.6145 -0.6510
vn 0.4394 -0.8900 0.1218
vn 0.4420 -0.8883 -0.1248
vn 0.3447 -0.9086 0.2358
vn 0.0315 -0.8717 0.4890
vn -0.2876 -0.9132 0.2886
vn -0.4832 -0.8600 0.1644
vn -0.4490 -0.8915 -0.0604
vn -0.2675 -0.9064 -0.3270
vn 0.0375 -0.8969 -0.4406
vn 0.2861 -0.9228 -0.2580
vn 0.0051 -0.9999 0.0093
vn 0.0432 0.9991 -0.0027
vn 0.4560 0.8872 0.0710
vn 0.3757 0.9177 -0.1295
vn 0.3112 0.8972 0.3133
vn -0.0729 0.9002 0.4292
vn -0.2288 0.9166 0.3280
vn -0.4263 0.8806 0.2069
vn -0.3734 0.9225 -0.0980
vn -0.2548 0.8674 -0.4273
vn 0.0731 0.9043 -0.4206
vn 0.2751 0.8475 -0.4539
vn 0.6734 0.6850 -0.2780
vn 0.7486 0.6372 0.1831
vn 0.4736 0.6741 0.5668
vn 0.0846 0.6454 0.7592
vn -0.4429 0.6203 0.6473
vn -0.7196 0.6367 0.2772
vn -0.7703 0.5964 -0.2256
vn -0.4415 0.6475 -0.6211
vn 0.0122 0.6503 -0.7596
vn 0.4873 0.6232 -0.6117
vn 0.8971 0.2563 -0.3599
vn 0.9392 0.2517 0.2338
vn 0.6008 0.2207 0.7683
vn -0.0303 0.2701 0.9624
vn -0.5695 0.1725 0.8037
vn -0.9026 0.2829 0.3244
vn -0.9522 0.1483 -0.2670
vn -0.5646 0.2329 -0.7918
vn -0.0229 0.2400 -0.9705
vn 0.4934 0.2208 -0.8413
vn 0.9504 -0.2030 0.2356
vn 0.9083 -0.1857 -0.3748
vn 0.6357 -0.2697 0.7233
vn 0.0217 -0.2310 0.9727
vn -0.5480 -0.2687 0.7921
vn -0.9216 -0.2051 0.3296
vn -0.9324 -0.2326 -0.2766
vn -0.6210 -0.2432 -0.7452
vn 0.0151 -0.2500 -0.9681
vn 0.5879 -0.2278 -0.7762
vn 0.7188 -0.6304 -0.2931
vn 0.7014 -0.6733 0.2339
vn 0.4001 -0.6509 0.6452
vn -0.0215 -0.6849 0.7284
vn -0.4218 -0.6293 0.6528
vn -0.7343 -0.6149 0.2877
vn -0.7583 -0.6070 -0.2377
vn -0.4616 -0.6357 -0.6187
vn -0.0725 -0.5954 -0.8002
vn 0.3805 -0.6237 -0.6828
vn 0.4570 -0.8778 -0.1436
vn 0.4135 -0.9097 0.0386
vn 0.3098 -0.9079 0.2822
vn -0.0541 -0.8929 0.4471
vn -0.1259 -0.9022 0.4126
vn -0.3867 -0.9086 0.1579
vn -0.3627 -0.9157 -0.1731
vn -0.2975 -0.8897 -0.3462
vn 0.0403 -0.8707 -0.4902
vn 0.2888 -0.8999 -0.3267
vn 0.0045 -0.9998 0.0198
vn 0.0262 0.9996 -0.0132
vn 0.4335 0.8949 0.1056
vn 0.3741 0.9100 -0.1786
vn 0.2443 0.8819 0.4033
vn 0.0670 0.9221 0.3812
vn -0.2290 0.8814 0.4131
vn -0.3636 0.9303 0.0476
vn -0.4560 0.8838 -0.1049
vn -0.2937 0.8852 -0.3607
vn 0.0485 0.9102 -0.4114
vn 0.2925 0.8736 -0.3889
vn 0.7493 0.5971 -0.2863
vn 0.7621 0.6194 0.1889
vn 0.5258 0.6250 0.5770
vn 0.0471 0.6348 0.7713
vn -0.4214 0.6113 0.6699
vn -0.7580 0.6024 0.2501
vn -0.7112 0.6744 -0.1984
vn -0.5276 0.6141 -0.5870
vn -0.0049 0.6227 -0.7824
vn 0.4278 0.6489 -0.6292
vn 0.9346 0.2476 0.2555
vn 0.8760 0.2725 -0.3980
vn 0.5496 0.2721 0.7898
vn 0.0010 0.2946 0.9556
vn -0.5522 0.2207 0.8039
vn -0.9053 0.2592 0.3366
vn -0.9330 0.2361 -0.2717
vn -0.5596 0.2514 -0.7897
vn -0.0951 0.2356 -0.9672
vn 0.5154 0.2792 -0.8102
vn 0.9458 -0.2203 -0.2388
vn 0.9316 -0.2345 0.2777
vn 0.6472 -0.2753 0.7109
vn 0.0138 -0.1986 0.9800
vn -0.5367 -0.2975 0.7896
vn -0.9204 -0.1570 0.3581
vn -0.9283 -0.2778 -0.2473
vn -0.6032 -0.2383 -0.7612
vn 0.0305 -0.1948 -0.9804
vn 0.5795 -0.2609 -0.7720
vn 0.7478 -0.6337 0.1979
vn 0.6727 -0.6622 -0.3303
vn 0.4790 -0.6495 0.5905
vn 0.0317 -0.6185 0.7852
vn -0.4420 -0.6155 0.6525
vn -0.7375 -0.6211 0.2652
vn -0.6938 -0.6651 -0.2761
vn -0.4718 -0.6495 -0.5963
vn -0.0607 -0.6169 -0.7847
vn 0.4357 -0.6787 -0.5913
vn 0.4981 -0.8463 -0.1888
vn 0.4549 -0.8902 0.0258
vn 0.3088 -0.8601 0.4060
vn 0.0439 -0.9008 0.4319
vn -0.2865 -0.8825 0.3730
vn -0.4965 -0.8597 0.1203
vn -0.3914 -0.9125 -0.1192
vn -0.3410 -0.8419 -0.4182
vn 0.0169 -0.8777 -0.4790
vn 0.3576 -0.8887 -0.2871
vn -0.0027 -0.9999 -0.0112
vn 0.5372 0.0138 0.8433
vn -0.2164 0.0138 0.9762
vn -0.8433 0.0138 0.5372
vn -0.9762 0.0138 -0.2164
vn -0.5372 0.0138 -0.8433
vn 0.2164 0.0138 -0.9762
vn 0.8433 0.0138 -0.5372
vn 0.9762 0.0138 0.2164
vn 0.0165 0.9998 0.0096
vn 0.1219 0.8741 0.4701
vn 0.4409 0.8708 0.2176
vn -0.2043 0.8626 0.4627
vn -0.3217 0.8752 0.3612
vn -0.5164 0.8551 0.0469
vn -0.4534 0.8323 -0.3188
vn -0.2352 0.8920 -0.3861
vn 0.2071 0.8715 -0.4445
vn 0.4756 0.8512 -0.2220
vn 0.4624 0.8765 -0.1340
vn 0.6203 0.6123 0.4902
vn 0.2389 0.6679 0.7049
vn -0.2473 0.6428 0.7250
vn -0.6541 0.6342 0.4122
vn -0.7697 0.6384 -0.0049
vn -0.6502 0.6142 -0.4471
vn -0.2411 0.6255 -0.7420
vn 0.2392 0.6351 -0.7344
vn 0.6642 0.6039 -0.4406
vn 0.7816 0.6238 -0.0020
vn 0.2740 0.2337 0.9329
vn 0.8383 0.2082 0.5038
vn -0.2911 0.1885 0.9379
vn -0.7396 0.2343 0.6310
vn -0.9756 0.2176 0.0300
vn -0.8109 0.2049 -0.5481
vn -0.3985 0.1967 -0.8958
vn 0.2206 0.2634 -0.9391
vn 0.7986 0.2159 -0.5619
vn 0.9525 0.2978 -0.0639
vn 0.3576 -0.2360 0.9036
vn 0.7570 -0.2928 0.5841
vn -0.2884 -0.2501 0.9243
vn -0.8216 -0.1927 0.5365
vn -0.9640 -0.2658 -0.0033
vn -0.7988 -0.2164 -0.5614
vn -0.3027 -0.2718 -0.9135
vn 0.3212 -0.2017 -0.9253
vn 0.7499 -0.2645 -0.6063
vn 0.9810 -0.1940 -0.0076
vn 0.2610 -0.6061 0.7514
vn 0.6691 -0.6241 0.4036
vn -0.1897 -0.5958 0.7804
vn -0.6465 -0.5980 0.4737
vn -0.7519 -0.6592 -0.0114
vn -0.6415 -0.5965 -0.4824
vn -0.2498 -0.6643 -0.7045
vn 0.1691 -0.6453 -0.7449
vn 0.6752 -0.6142 -0.4085
vn 0.7405 -0.6719 0.0141
vn 0.4104 -0.8584 0.3079
vn 0.2031 -0.9040 0.3762
vn -0.1554 -0.8804 0.4480
vn -0.3620 -0.9211 0.1432
vn -0.4701 -0.8822 0.0266
vn -0.3076 -0.9154 -0.2597
vn -0.1397 -0.8584 -0.4935
vn -0.0144 -0.9105 -0.4132
vn 0.3434 -0.8853 -0.3135
vn 0.3873 -0.9201 0.0584
vn -0.0330 -0.9990 -0.0308
vn 0.0485 0.9988 0.0045
vn 0.1848 0.8599 0.4758
vn 0.4429 0.8790 0.1764
vn -0.1016 0.8643 0.4926
vn -0.3271 0.8792 0.3463
vn -0.5015 0.8594 0.0996
vn -0.3684 0.8683 -0.3321
vn -0.0909 0.8881 -0.4505
vn 0.0887 0.8774 -0.4714
vn 0.4405 0.8873 -0.1361
vn 0.4753 0.8798 -0.0041
vn 0.5688 0.6356 0.5220
vn 0.2220 0.6059 0.7640
vn -0.2385 0.6603 0.7121
vn -0.6519 0.5862 0.4810
vn -0.8181 0.5748 -0.0174
vn -0.6226 0.6123 -0.4872
vn -0.2513 0.6159 -0.7466
vn 0.2725 0.5712 -0.7743
vn 0.6304 0.6507 -0.4233
vn 0.7783 0.6278 -0.0132
vn 0.3333 0.2185 0.9172
vn 0.7932 0.3007 0.5295
vn -0.2626 0.2714 0.9259
vn -0.7494 0.2025 0.6304
vn -0.9731 0.2216 0.0626
vn -0.7781 0.2357 -0.5823
vn -0.3128 0.2713 -0.9103
vn 0.2751 0.1626 -0.9476
vn 0.7705 0.2521 -0.5854
vn 0.9755 0.2139 -0.0507
vn 0.8026 -0.2092 0.5586
vn 0.3737 -0.2230 0.9003
vn -0.2725 -0.1840 0.9444
vn -0.7959 -0.2232 0.5628
vn -0.9753 -0.2190 0.0304
vn -0.8222 -0.2189 -0.5254
vn -0.3088 -0.1766 -0.9346
vn 0.2691 -0.2842 -0.9202
vn 0.7593 -0.1983 -0.6198
vn 0.9687 -0.2432 -0.0486
vn 0.6012 -0.6534 0.4600
vn 0.1854 -0.6315 0.7529
vn -0.2705 -0.6335 0.7249
vn -0.6191 -0.6289 0.4703
vn -0.7810 -0.6242 0.0187
vn -0.6375 -0.6402 -0.4286
vn -0.2393 -0.5915 -0.7699
vn 0.2788 -0.6136 -0.7387
vn 0.6197 -0.6401 -0.4542
vn 0.7833 -0.6217 0.0049
vn 0.1327 -0.8822 0.4518
vn 0.3820 -0.9003 0.2085
vn -0.0893 -0.9129 0.3982
vn -0.3468 -0.9034 0.2521
vn -0.4040 -0.9146 0.0160
vn -0.3914 -0.8947 -0.2153
vn -0.0364 -0.8850 -0.4641
vn 0.0955 -0.9077 -0.4086
vn 0.3093 -0.8966 -0.3170
vn 0.5017 -0.8645 0.0326
vn -0.0074 -0.9998 0.0157
vn 0.0301 0.9995 -0.0081
vn 0.1367 0.8966 0.4213
vn 0.4262 0.8607 0.2784
vn -0.1378 0.8239 0.5497
vn -0.2364 0.9031 0.3584
vn -0.5078 0.8615 -0.0037
vn -0.2500 0.9057 -0.3423
vn -0.1409 0.8550 -0.4991
vn 0.0790 0.8756 -0.4766
vn 0.3278 0.8967 -0.2976
vn 0.5041 0.8637 0.0010
vn 0.2691 0.6481 0.7125
vn 0.6579 0.6432 0.3917
vn -0.1279 0.6447 0.7537
vn -0.5932 0.6332 0.4972
vn -0.7803 0.6251 0.0176
vn -0.6351 0.6359 -0.4385
vn -0.2477 0.6440 -0.7238
vn 0.2165 0.6606 -0.7189
vn 0.6271 0.6309 -0.4569
vn 0.7690 0.6380 0.0398
vn 0.7787 0.2924 0.5551
vn 0.2756 0.2324 0.9328
vn -0.2858 0.2825 0.9157
vn -0.7220 0.2102 0.6591
vn -0.9680 0.2510 0.0054
vn -0.7291 0.2525 -0.6362
vn -0.2985 0.2354 -0.9249
vn 0.2764 0.2074 -0.9384
vn 0.7558 0.3091 -0.5773
vn 0.9725 0.2328 -0.0048
vn 0.7979 -0.2175 0.5622
vn 0.3019 -0.2000 0.9321
vn -0.2748 -0.1943 0.9417
vn -0.8275 -0.2370 0.5090
vn -0.9442 -0.3286 -0.0235
vn -0.8180 -0.1993 -0.5396
vn -0.2865 -0.2512 -0.9246
vn 0.2764 -0.3149 -0.9080
vn 0.7751 -0.2059 -0.5973
vn 0.9438 -0.3302 0.0131
vn 0.2901 -0.5989 0.7464
vn 0.6699 -0.6267 0.3981
vn -0.1975 -0.6595 0.7253
vn -0.6016 -0.6031 0.5238
vn -0.7552 -0.6550 0.0266
vn -0.6256 -0.6349 -0.4534
vn -0.2349 -0.6423 -0.7295
vn 0.1740 -0.6068 -0.7756
vn 0.6095 -0.6191 -0.4953
vn 0.7662 -0.6402 0.0554
vn 0.2348 -0.8587 0.4555
vn 0.4472 -0.8369 0.3156
vn -0.1028 -0.9154 0.3891
vn -0.4212 -0.8697 0.2574
vn -0.4602 -0.8878 0.0012
vn -0.4374 -0.8533 -0.2840
vn -0.1434 -0.8683 -0.4749
vn 0.1285 -0.8350 -0.5350
vn 0.3097 -0.8907 -0.3326
vn 0.5182 -0.8550 -0.0211
vn -0.0144 -0.9998 -0.0148
vn -0.4617 0.0118 -0.8869
vn 0.3007 0.0118 -0.9537
vn 0.8869 0.0118 -0.4617
vn 0.9537 0.0118 0.3007
vn 0.4617 0.0118 0.8869
vn -0.3007 0.0118 0.9537
vn -0.8869 0.0118 0.4617
vn -0.9537 0.0118 -0.3007
vn -0.0068 0.9995 0.0317
vn -0.0308 0.9022 -0.4302
vn -0.3109 0.8899 -0.3339
vn 0.0802 0.8751 -0.4773
vn 0.3086 0.9067 -0.2876
vn 0.4497 0.8905 0.0689
vn 0.2697 0.9025 0.3359
vn 0.0320 0.8832 0.4679
vn -0.1480 0.9045 0.4000
vn -0.4011 0.8670 0.2956
vn -0.4606 0.8868 0.0387
vn -0.2097 0.6208 -0.7554
vn -0.6509 0.6075 -0.4552
vn 0.2552 0.6083 -0.7515
vn 0.6893 0.6359 -0.3471
vn 0.7302 0.6792 0.0741
vn 0.5902 0.6193 0.5179
vn 0.1542 0.6702 0.7260
vn -0.2343 0.6540 0.7193
vn -0.6693 0.6087 0.4260
vn -0.7706 0.6374 0.0011
vn -0.6969 0.2668 -0.6657
vn -0.2094 0.2397 -0.9480
vn 0.4048 0.1783 -0.8969
vn 0.7903 0.2247 -0.5701
vn 0.9780 0.1988 0.0628
vn 0.7204 0.2174 0.6586
vn 0.2195 0.2310 0.9479
vn -0.4481 0.2651 0.8538
vn -0.8408 0.2392 0.4855
vn -0.9737 0.2222 -0.0503
vn -0.7564 -0.1889 -0.6262
vn -0.1670 -0.2381 -0.9568
vn 0.3211 -0.1973 -0.9263
vn 0.8164 -0.2501 -0.5204
vn 0.9568 -0.2866 0.0489
vn 0.7465 -0.2451 0.6186
vn 0.2596 -0.2618 0.9296
vn -0.3157 -0.1434 0.9379
vn -0.8387 -0.1865 0.5116
vn -0.9803 -0.1949 -0.0331
vn -0.2246 -0.6623 -0.7148
vn -0.5310 -0.7182 -0.4496
vn 0.2946 -0.6225 -0.7250
vn 0.6671 -0.6175 -0.4168
vn 0.7718 -0.6299 0.0873
vn 0.5589 -0.6432 0.5234
vn 0.2476 -0.6767 0.6934
vn -0.2872 -0.5963 0.7496
vn -0.6535 -0.6378 0.4075
vn -0.7866 -0.6145 -0.0604
vn -0.1143 -0.8900 -0.4414
vn -0.3291 -0.8883 -0.3204
vn 0.0318 -0.9086 -0.4164
vn 0.4077 -0.8717 -0.2717
vn 0.3937 -0.9132 0.1048
vn 0.3839 -0.8600 0.3362
vn 0.1722 -0.8915 0.4191
vn -0.1495 -0.9064 0.3952
vn -0.4003 -0.8969 0.1878
vn -0.3665 -0.9228 -0.1188
vn 0.0055 -0.9999 -0.0090
vn -0.0240 0.9991 -0.0361
vn -0.1665 0.8872 -0.4304
vn -0.3000 0.9177 -0.2606
vn 0.1157 0.8972 -0.4261
vn 0.4082 0.9002 -0.1515
vn 0.3985 0.9166 0.0342
vn 0.3924 0.8806 0.2657
vn 0.1018 0.9225 0.3724
vn -0.2427 0.8674 0.4344
vn -0.4007 0.9043 0.1470
vn -0.5307 0.8475 -0.0113
vn -0.5774 0.6850 -0.4442
vn -0.2157 0.6372 -0.7399
vn 0.2541 0.6741 -0.6935
vn 0.6151 0.6454 -0.4528
vn 0.7820 0.6203 0.0599
vn 0.5998 0.6367 0.4846
vn 0.1898 0.5964 0.7799
vn -0.3171 0.6475 0.6929
vn -0.6639 0.6503 0.3693
vn -0.7734 0.6232 -0.1162
vn -0.7603 0.2563 -0.5969
vn -0.2671 0.2517 -0.9302
vn 0.3650 0.2207 -0.9045
vn 0.8486 0.2701 -0.4550
vn 0.9808 0.1725 0.0914
vn 0.7323 0.2829 0.6195
vn 0.2448 0.1483 0.9582
vn -0.4034 0.2329 0.8849
vn -0.8290 0.2400 0.5050
vn -0.9753 0.2208 -0.0066
vn -0.2712 -0.2030 -0.9409
vn -0.7787 -0.1857 -0.5993
vn 0.3085 -0.2697 -0.9122
vn 0.8316 -0.2310 -0.5051
vn 0.9600 -0.2687 0.0786
vn 0.7462 -0.2051 0.6333
vn 0.2266 -0.2326 0.9458
vn -0.3348 -0.2432 0.9104
vn -0.8460 -0.2500 0.4710
vn -0.9661 -0.2278 -0.1211
vn -0.6132 -0.6304 -0.4760
vn -0.1482 -0.6733 -0.7244
vn 0.3587 -0.6509 -0.6691
vn 0.6415 -0.6849 -0.3456
vn 0.7762 -0.6293 0.0389
vn 0.6163 -0.6149 0.4921
vn 0.1733 -0.6070 0.7756
vn -0.3050 -0.6357 0.7091
vn -0.6567 -0.5954 0.4628
vn -0.7816 -0.6237 0.0119
vn -0.3528 -0.8778 -0.3239
vn -0.1733 -0.9097 -0.3774
vn 0.0895 -0.9079 -0.4094
vn 0.4142 -0.8929 -0.1767
vn 0.4203 -0.9022 -0.0973
vn 0.3301 -0.9086 0.2559
vn 0.0315 -0.9157 0.4006
vn -0.1511 -0.8897 0.4308
vn -0.4447 -0.8707 0.2102
vn -0.4273 -0.8999 -0.0867
vn 0.0149 -0.9998 -0.0138
vn -0.0245 0.9996 -0.0161
vn -0.1253 0.8949 -0.4282
vn -0.3417 0.9100 -0.2347
vn 0.2271 0.8819 -0.4132
vn 0.2966 0.9221 -0.2486
vn 0.4723 0.8814 -0.0083
vn 0.2230 0.9303 0.2911
vn 0.1372 0.8838 0.4474
vn -0.1655 0.8852 0.4347
vn -0.3805 0.9102 0.1637
vn -0.4830 0.8736 -0.0589
vn -0.6226 0.5971 -0.5058
vn -0.2175 0.6194 -0.7544
vn 0.2368 0.6250 -0.7438
vn 0.6444 0.6348 -0.4265
vn 0.7909 0.6113 0.0300
vn 0.5956 0.6024 0.5314
vn 0.1838 0.6744 0.7151
vn -0.2446 0.6141 0.7504
vn -0.6752 0.6227 0.3955
vn -0.7588 0.6489 -0.0559
vn -0.2460 0.2476 -0.9371
vn -0.7827 0.2725 -0.5596
vn 0.4092 0.2721 -0.8709
vn 0.8271 0.2946 -0.4786
vn 0.9724 0.2207 0.0763
vn 0.7441 0.2592 0.6157
vn 0.2312 0.2361 0.9438
vn -0.4042 0.2514 0.8795
vn -0.7901 0.2356 0.5659
vn -0.9593 0.2792 -0.0413
vn -0.6797 -0.2203 -0.6997
vn -0.2253 -0.2345 -0.9457
vn 0.2921 -0.2753 -0.9159
vn 0.8418 -0.1986 -0.5019
vn 0.9522 -0.2975 0.0700
vn 0.7703 -0.1570 0.6180
vn 0.2500 -0.2778 0.9275
vn -0.3576 -0.2383 0.9030
vn -0.8643 -0.1948 0.4637
vn -0.9584 -0.2609 -0.1159
vn -0.2025 -0.6337 -0.7466
vn -0.6224 -0.6622 -0.4174
vn 0.2719 -0.6495 -0.7101
vn 0.6641 -0.6185 -0.4200
vn 0.7861 -0.6155 0.0565
vn 0.5984 -0.6211 0.5061
vn 0.1078 -0.6651 0.7389
vn -0.2805 -0.6495 0.7068
vn -0.6492 -0.6169 0.4449
vn -0.7299 -0.6787 -0.0817
vn -0.4125 -0.8463 -0.3369
vn -0.2051 -0.8902 -0.4069
vn 0.1972 -0.8601 -0.4704
vn 0.3521 -0.9008 -0.2540
vn 0.4663 -0.8825 0.0616
vn 0.3524 -0.8597 0.3698
vn 0.0925 -0.9125 0.3985
vn -0.1917 -0.8419 0.5044
vn -0.4233 -0.8777 0.2249
vn -0.4274 -0.8887 -0.1661
vn -0.0084 -0.9999 0.0079
vn -0.6310 -0.7755 -0.0211
vn -0.4642 -0.0270 -0.8853
vn -0.4415 -0.0863 -0.8931
vn -0.6081 -0.7909 -0.0686
vn -0.4553 0.0259 -0.8899
vn -0.2028 0.0288 -0.9788
vn -0.2047 -0.0290 -0.9784
vn -0.5707 0.5807 -0.5807
vn -0.2704 0.6808 -0.6808
vn -0.5336 0.8399 -0.0989
vn -0.2400 0.9639 -0.1154
vn -0.5145 0.8575 0.0000
vn -0.2259 0.9741 0.0000
vn -0.2255 0.9743 0.0000
vn -0.5336 0.8399 0.0989
vn -0.2400 0.9639 0.1154
vn -0.5707 0.5807 0.5807
vn -0.2704 0.6808 0.6808
vn -0.4553 0.0259 0.8899
vn -0.2028 0.0288 0.9788
vn -0.4642 -0.0270 0.8853
vn -0.2047 -0.0290 0.9784
vn -0.6310 -0.7755 0.0211
vn -0.6081 -0.7909 0.0686
vn -0.4415 -0.0863 0.8931
vn -0.0162 -0.9992 -0.0367
vn -0.0576 -0.0202 -0.9981
vn -0.0022 -0.9997 -0.0262
vn -0.1958 -0.0207 -0.9804
vn -0.0587 0.0303 -0.9978
vn -0.0783 0.7049 -0.7049
vn -0.0615 0.9910 -0.1190
vn -0.0552 0.9985 0.0000
vn -0.0553 0.9985 0.0000
vn -0.0615 0.9910 0.1190
vn -0.0783 0.7049 0.7049
vn -0.0587 0.0303 0.9978
vn -0.1958 -0.0207 0.9804
vn -0.0576 -0.0202 0.9981
vn -0.0162 -0.9992 0.0367
vn -0.0022 -0.9997 0.0262
vn 0.9325 -0.3611 -0.0094
vn 0.8771 -0.3397 -0.3397
vn 0.7303 -0.4830 -0.4830
vn 0.8340 -0.5516 -0.0143
vn -0.0000 0.0346 -0.9994
vn 0.0000 0.7071 -0.7071
vn 0.0000 0.9930 -0.1184
vn 0.0000 0.9930 0.1184
vn 0.0000 0.7071 0.7071
vn 0.0000 0.0346 0.9994
vn 0.8771 -0.3397 0.3397
vn 0.9325 -0.3611 0.0094
vn 0.8340 -0.5516 0.0143
vn 0.7303 -0.4830 0.4830
vn 0.2981 -0.6750 -0.6750
vn 0.4039 -0.9145 -0.0237
vn -0.0000 0.0379 -0.9993
vn 0.0042 -0.0205 -0.9998
vn 0.0000 0.0379 0.9993
vn 0.0042 -0.0205 0.9998
vn 0.4039 -0.9145 0.0237
vn 0.2981 -0.6750 0.6750
vn 0.0168 -0.0380 -0.9991
vn 0.0000 -0.0391 -0.9992
vn 0.0000 -0.9997 -0.0259
vn 0.0000 0.0389 -0.9992
vn 0.0000 0.0389 0.9992
vn 0.0000 -0.0391 0.9992
vn 0.0168 -0.0380 0.9991
vn 0.0000 -0.9997 0.0259
vn -0.0168 -0.0380 -0.9991
vn -0.4039 -0.9145 -0.0237
vn -0.0042 -0.0205 -0.9998
vn -0.0042 -0.0205 0.9998
vn -0.4039 -0.9145 0.0237
vn -0.0168 -0.0380 0.9991
vn -0.2981 -0.6750 -0.6750
vn -0.7303 -0.4830 -0.4830
vn -0.8340 -0.5516 -0.0143
vn -0.2981 -0.6750 0.6750
vn -0.8340 -0.5516 0.0143
vn -0.7303 -0.4830 0.4830
vn -0.8771 -0.3397 -0.3397
vn -0.9325 -0.3611 -0.0094
vn 0.0000 0.0297 -0.9996
vn -0.0000 -0.0249 -0.9997
vn -0.0000 0.0297 0.9996
vn -0.0000 -0.0249 0.9997
vn -0.9325 -0.3611 0.0094
vn -0.8771 -0.3397 0.3397
vn -0.0000 -0.0291 -0.9996
vn -0.0000 0.0293 -0.9996
vn -0.0000 0.0293 0.9996
vn -0.0000 -0.0291 0.9996
vn 0.0003 0.0294 -0.9996
vn 0.0077 0.7071 -0.7071
vn 0.0108 0.9929 -0.1184
vn 0.0109 0.9999 0.0000
vn 0.0108 0.9929 0.1184
vn 0.0077 0.7071 0.7071
vn 0.0003 0.0294 0.9996
vn 0.0000 -0.0252 -0.9997
vn 0.0043 0.0299 -0.9995
vn 0.0461 0.6815 -0.7304
vn 0.1538 0.9812 -0.1164
vn 0.1037 0.7033 -0.7033
vn 0.1566 0.9877 0.0000
vn 0.1560 0.9878 0.0000
vn 0.1538 0.9812 0.1164
vn 0.1037 0.7033 0.7033
vn 0.0043 0.0299 0.9995
vn 0.0461 0.6815 0.7304
vn 0.0000 -0.0252 0.9997
vn 0.7479 -0.4694 -0.4694
vn 0.8469 -0.5316 -0.0138
vn 0.0290 0.0359 -0.9989
vn 0.5030 0.6111 -0.6111
vn 0.1616 0.8704 -0.4650
vn 0.6416 0.7622 -0.0865
vn 0.6460 0.7634 0.0000
vn 0.6459 0.7634 0.0000
vn 0.6416 0.7622 0.0865
vn 0.1616 0.8704 0.4650
vn 0.5030 0.6111 0.6111
vn 0.0290 0.0359 0.9989
vn 0.8469 -0.5316 0.0138
vn 0.7479 -0.4694 0.4694
vn 0.1693 -0.6969 -0.6969
vn 0.2359 -0.9714 -0.0252
vn 0.0774 0.0523 -0.9956
vn 0.0020 -0.0416 -0.9991
vn 0.5444 0.4431 -0.7122
vn 0.8270 0.5588 -0.0625
vn 0.7230 0.4885 -0.4885
vn 0.8286 0.5599 0.0000
vn 0.8270 0.5588 0.0625
vn 0.7230 0.4885 0.4885
vn 0.0774 0.0523 0.9956
vn 0.5444 0.4431 0.7122
vn 0.0020 -0.0416 0.9991
vn 0.2359 -0.9714 0.0252
vn 0.1693 -0.6969 0.6969
vn 0.0542 -0.9979 -0.0355
vn 0.0138 -0.0569 -0.9983
vn -0.0028 -0.0771 -0.9970
vn 0.0387 -0.9985 -0.0383
vn 0.1100 0.0678 -0.9916
vn 0.7207 0.4902 -0.4902
vn 0.7564 0.4926 -0.4303
vn 0.8236 0.5638 -0.0618
vn 0.8353 0.5499 0.0000
vn 0.8290 0.5593 0.0000
vn 0.8236 0.5638 0.0618
vn 0.7564 0.4926 0.4303
vn 0.7207 0.4902 0.4902
vn 0.1100 0.0678 0.9916
vn -0.0028 -0.0771 0.9970
vn 0.0138 -0.0569 0.9983
vn 0.0542 -0.9979 0.0355
vn 0.0387 -0.9985 0.0383
vn -0.5365 -0.8416 -0.0625
vn -0.0167 -0.0954 -0.9953
vn -0.7004 -0.5047 -0.5047
vn -0.5759 -0.8168 -0.0348
vn 0.0135 -0.0529 -0.9985
vn 0.1033 0.0850 -0.9910
vn 0.0490 0.0000 -0.9988
vn 0.4535 0.6302 -0.6302
vn 0.5706 0.8170 -0.0838
vn 0.5045 0.6675 -0.5477
vn 0.6105 0.7919 0.0109
vn 0.5548 0.8320 0.0000
vn 0.6105 0.7919 -0.0109
vn 0.5706 0.8170 0.0838
vn 0.5045 0.6675 0.5477
vn 0.1033 0.0850 0.9910
vn 0.4535 0.6302 0.6302
vn 0.0135 -0.0529 0.9985
vn 0.0490 0.0000 0.9988
vn -0.0167 -0.0954 0.9953
vn -0.5365 -0.8416 0.0625
vn -0.5759 -0.8168 0.0348
vn -0.7004 -0.5047 0.5047
vn -0.8199 -0.5723 -0.0150
vn -0.8737 -0.3439 -0.3439
vn -0.9324 -0.3613 -0.0095
vn 0.0991 0.0648 -0.9930
vn 0.0812 -0.0459 -0.9956
vn 0.3048 0.5404 -0.7843
vn 0.2723 0.6804 -0.6804
vn 0.3288 0.9399 -0.0916
vn 0.3359 0.9415 0.0266
vn 0.3703 0.9289 0.0000
vn 0.3359 0.9415 -0.0266
vn 0.3288 0.9399 0.0916
vn 0.2723 0.6804 0.6804
vn 0.3048 0.5404 0.7843
vn 0.0991 0.0648 0.9930
vn 0.0812 -0.0459 0.9956
vn -0.8199 -0.5723 0.0150
vn -0.9324 -0.3613 0.0095
vn -0.8737 -0.3439 0.3439
vn 0.0028 -0.9996 -0.0265
vn 0.2030 -0.0787 -0.9760
vn 0.2114 -0.9770 -0.0263
vn 0.2067 0.0589 -0.9766
vn 0.3841 0.6529 -0.6529
vn 0.4247 0.9015 -0.0832
vn 0.4142 0.9095 0.0357
vn 0.4607 0.8875 0.0000
vn 0.4142 0.9095 -0.0357
vn 0.4247 0.9015 0.0832
vn 0.3841 0.6529 0.6529
vn 0.2067 0.0589 0.9766
vn 0.2030 -0.0787 0.9760
vn 0.0028 -0.9996 0.0265
vn 0.2114 -0.9770 0.0263
vn 0.3927 -0.9184 -0.0488
vn 0.5194 -0.0793 -0.8508
vn 0.6007 -0.7992 -0.0223
vn 0.5018 0.0546 -0.8632
vn 0.4787 -0.0588 -0.8760
vn 0.6807 0.5180 -0.5180
vn 0.6752 0.7350 -0.0629
vn 0.6307 0.7752 0.0359
vn 0.6998 0.7144 0.0000
vn 0.6307 0.7752 -0.0359
vn 0.6752 0.7350 0.0629
vn 0.6807 0.5180 0.5180
vn 0.5018 0.0546 0.8632
vn 0.4787 -0.0588 0.8760
vn 0.3927 -0.9184 0.0488
vn 0.6007 -0.7992 0.0223
vn 0.5194 -0.0793 0.8508
vn 0.8286 -0.5575 -0.0509
vn 0.7883 -0.1779 -0.5890
vn 0.8313 -0.0635 -0.5521
vn 0.8384 -0.5448 -0.0159
vn 0.8181 0.0399 -0.5737
vn 0.8929 0.3184 -0.3184
vn 0.8670 0.4967 -0.0392
vn 0.8414 0.5399 0.0210
vn 0.8000 0.6000 0.0000
vn 0.8414 0.5399 -0.0210
vn 0.8670 0.4967 0.0392
vn 0.8929 0.3184 0.3184
vn 0.8181 0.0399 0.5737
vn 0.8313 -0.0635 0.5521
vn 0.7883 -0.1779 0.5890
vn 0.8286 -0.5575 0.0509
vn 0.8384 -0.5448 0.0159
vn -0.2310 -0.9729 -0.0077
vn -0.2310 -0.9729 0.0077
vn -0.2206 -0.9752 0.0184
vn -0.2206 -0.9752 -0.0184
vn 0.2394 -0.9709 -0.0072
vn 0.2394 -0.9709 0.0072
vn -0.1850 -0.9826 -0.0171
vn -0.1850 -0.9826 0.0171
vn -0.1926 -0.9812 0.0086
vn -0.1926 -0.9812 -0.0086
vn -0.8224 -0.5689 0.0060
vn -0.8224 -0.5689 -0.0060
vn 0.2051 -0.9786 -0.0134
vn 0.2051 -0.9786 0.0134
vn 0.5917 -0.8060 -0.0159
vn 0.5917 -0.8060 0.0159
vn 0.0000 -0.3827 -0.9239
vn 0.0000 -0.9239 -0.3827
vn 0.0000 -0.9239 0.3827
vn 0.0000 -0.3827 0.9239
vn 0.0000 0.3827 0.9239
vn 0.0000 0.9239 0.3827
vn 0.0000 0.9239 -0.3827
vn 0.0000 0.3827 -0.9239
vn 0.1203 0.0000 0.9927
vn 0.1203 0.0000 -0.9927
vn -0.1580 0.0000 0.9874
vn -0.1580 0.0000 -0.9874
vn -0.1240 0.0000 0.9923
vn -0.1240 0.0000 -0.9923
vn 0.1644 0.0000 0.9864
vn 0.1644 0.0000 -0.9864
vn 0.8648 0.5021 0.0000
vn 0.9659 0.2588 0.0000
vn 0.2588 0.9659 0.0000
vn -0.2588 0.9659 0.0000
vn -0.9659 0.2588 0.0000
vn -0.9659 -0.2588 0.0000
vn -0.7071 -0.7071 0.0000
vn -0.2588 -0.9659 0.0000
vn 0.2588 -0.9659 0.0000
vn 0.7071 -0.7071 0.0000
vn 0.9659 -0.2588 0.0000
vn 0.1162 0.1162 -0.9864
vn 0.1588 0.0425 -0.9864
vn 0.0425 0.1588 -0.9864
vn -0.0425 0.1588 -0.9864
vn -0.1162 0.1162 -0.9864
vn -0.1588 0.0425 -0.9864
vn -0.1588 -0.0425 -0.9864
vn -0.1162 -0.1162 -0.9864
vn -0.0425 -0.1588 -0.9864
vn 0.0425 -0.1588 -0.9864
vn 0.1162 -0.1162 -0.9864
vn 0.1588 -0.0425 -0.9864
vn -0.1162 0.1162 0.9864
vn -0.1588 0.0425 0.9864
vn -0.0425 0.1588 0.9864
vn 0.0425 0.1588 0.9864
vn 0.1162 0.1162 0.9864
vn 0.1588 0.0425 0.9864
vn 0.1588 -0.0425 0.9864
vn 0.1162 -0.1162 0.9864
vn 0.0425 -0.1588 0.9864
vn -0.0425 -0.1588 0.9864
vn -0.1162 -0.1162 0.9864
vn -0.1588 -0.0425 0.9864
o ARCH_Sokak__Kaldirim_Yakin
g ARCH_Sokak__Kaldirim_Yakin
usemtl MI_Arch_Kaldirim
f 1/1/1 2/1/1 3/1/1 4/1/1
f 5/1/2 6/1/2 1/1/2 4/1/2 7/1/2
f 8/1/3 3/1/3 2/1/3 9/1/3 10/1/3
usemtl MI_Arch_Bordur
f 4/1/1 3/1/1 8/1/1 7/1/1
f 7/1/4 8/1/4 10/1/4 5/1/4
o ARCH_Sokak__Yol
g ARCH_Sokak__Yol
usemtl MI_Arch_Asfalt
f 5/1/1 10/1/1 11/1/1 12/1/1
usemtl MI_Arch_Bordur
f 13/1/1 14/1/1 15/1/1 16/1/1
o ARCH_Sokak__Kaldirim_Karsi
g ARCH_Sokak__Kaldirim_Karsi
usemtl MI_Arch_Kaldirim
f 17/1/1 18/1/1 19/1/1 20/1/1
f 21/1/2 12/1/2 22/1/2 17/1/2 20/1/2
f 19/1/3 18/1/3 23/1/3 11/1/3 24/1/3
usemtl MI_Arch_Bordur
f 22/1/1 23/1/1 18/1/1 17/1/1
f 12/1/5 11/1/5 23/1/5 22/1/5
o ARCH_Sokak__AraSokak
g ARCH_Sokak__AraSokak
usemtl MI_Arch_Kaldirim
f 25/1/1 26/1/1 27/1/1 28/1/1 29/1/1 30/1/1 31/1/1 32/1/1
usemtl MI_Arch_YanDuvar
f 33/1/3 34/1/3 26/1/3 31/1/3
f 35/1/1 34/1/1 33/1/1 36/1/1
f 25/1/5 26/1/5 34/1/5 35/1/5
f 30/1/2 27/1/2 37/1/2 38/1/2
f 37/1/1 39/1/1 40/1/1 38/1/1
f 27/1/5 28/1/5 39/1/5 37/1/5
o SM_FacadeFill_3m_1
g SM_FacadeFill_3m_1
usemtl MI_Arch_Cephe_K5
f 41/1/5 42/1/5 43/1/5 44/1/5
usemtl MI_Arch_Bordur
f 45/1/1 46/1/1 42/1/1 41/1/1
f 47/1/5 48/1/5 46/1/5 45/1/5
f 20/1/2 47/1/2 45/1/2 41/1/2
f 42/1/3 46/1/3 48/1/3 49/1/3
f 44/1/2 50/1/2 51/1/2 52/1/2
f 53/1/3 54/1/3 55/1/3 43/1/3
f 44/1/6 43/1/6 55/1/6 50/1/6
f 51/1/1 54/1/1 53/1/1 52/1/1
f 50/1/5 55/1/5 54/1/5 51/1/5
o SM_UpperFloor_3m_1
g SM_UpperFloor_3m_1
usemtl MI_Arch_Cephe_K5
f 52/1/5 53/1/5 56/1/5 57/1/5
usemtl MI_Arch_Bordur
f 57/1/2 58/1/2 59/1/2 60/1/2
f 61/1/3 62/1/3 63/1/3 56/1/3
f 57/1/6 56/1/6 63/1/6 58/1/6
f 59/1/1 62/1/1 61/1/1 60/1/1
f 58/1/5 63/1/5 62/1/5 59/1/5
usemtl MI_Ext_Windows
f 64/2/5 65/3/5 66/4/5 67/5/5
o SM_FacadeFill_3m_2
g SM_FacadeFill_3m_2
usemtl MI_Arch_Cephe_K4
f 42/1/5 68/1/5 69/1/5 43/1/5
usemtl MI_Arch_Bordur
f 46/1/1 70/1/1 68/1/1 42/1/1
f 48/1/5 71/1/5 70/1/5 46/1/5
f 49/1/2 48/1/2 46/1/2 42/1/2
f 68/1/3 70/1/3 71/1/3 72/1/3
f 43/1/2 55/1/2 54/1/2 53/1/2
f 73/1/3 74/1/3 75/1/3 69/1/3
f 43/1/6 69/1/6 75/1/6 55/1/6
f 54/1/1 74/1/1 73/1/1 53/1/1
f 55/1/5 75/1/5 74/1/5 54/1/5
o SM_UpperFloor_3m_2
g SM_UpperFloor_3m_2
usemtl MI_Arch_Cephe_K4
f 53/1/5 73/1/5 76/1/5 56/1/5
usemtl MI_Arch_Bordur
f 56/1/2 63/1/2 62/1/2 61/1/2
f 77/1/3 78/1/3 79/1/3 76/1/3
f 56/1/6 76/1/6 79/1/6 63/1/6
f 62/1/1 78/1/1 77/1/1 61/1/1
f 63/1/5 79/1/5 78/1/5 62/1/5
usemtl MI_Ext_Windows
f 80/2/5 81/3/5 82/4/5 83/5/5
o SM_FacadeFill_3m_3
g SM_FacadeFill_3m_3
usemtl MI_Arch_Cephe_K5
f 68/1/5 84/1/5 85/1/5 69/1/5
usemtl MI_Arch_Bordur
f 70/1/1 86/1/1 84/1/1 68/1/1
f 71/1/5 87/1/5 86/1/5 70/1/5
f 72/1/2 71/1/2 70/1/2 68/1/2
f 84/1/3 86/1/3 87/1/3 88/1/3
f 69/1/2 75/1/2 74/1/2 73/1/2
f 89/1/3 90/1/3 91/1/3 85/1/3
f 69/1/6 85/1/6 91/1/6 75/1/6
f 74/1/1 90/1/1 89/1/1 73/1/1
f 75/1/5 91/1/5 90/1/5 74/1/5
o SM_UpperFloor_3m_3
g SM_UpperFloor_3m_3
usemtl MI_Arch_Cephe_K5
f 73/1/5 89/1/5 92/1/5 76/1/5
usemtl MI_Arch_Bordur
f 76/1/2 79/1/2 78/1/2 77/1/2
f 93/1/3 94/1/3 95/1/3 92/1/3
f 76/1/6 92/1/6 95/1/6 79/1/6
f 78/1/1 94/1/1 93/1/1 77/1/1
f 79/1/5 95/1/5 94/1/5 78/1/5
usemtl MI_Ext_Windows
f 96/2/5 97/3/5 98/4/5 99/5/5
o SM_FacadeFill_3m_4
g SM_FacadeFill_3m_4
usemtl MI_Arch_Cephe_K4
f 84/1/5 100/1/5 101/1/5 85/1/5
usemtl MI_Arch_Bordur
f 86/1/1 102/1/1 100/1/1 84/1/1
f 87/1/5 103/1/5 102/1/5 86/1/5
f 88/1/2 87/1/2 86/1/2 84/1/2
f 100/1/3 102/1/3 103/1/3 104/1/3
f 85/1/2 91/1/2 90/1/2 89/1/2
f 105/1/3 106/1/3 107/1/3 101/1/3
f 85/1/6 101/1/6 107/1/6 91/1/6
f 90/1/1 106/1/1 105/1/1 89/1/1
f 91/1/5 107/1/5 106/1/5 90/1/5
o SM_UpperFloor_3m_4
g SM_UpperFloor_3m_4
usemtl MI_Arch_Cephe_K4
f 89/1/5 105/1/5 108/1/5 92/1/5
usemtl MI_Arch_Bordur
f 92/1/2 95/1/2 94/1/2 93/1/2
f 109/1/3 110/1/3 111/1/3 108/1/3
f 92/1/6 108/1/6 111/1/6 95/1/6
f 94/1/1 110/1/1 109/1/1 93/1/1
f 95/1/5 111/1/5 110/1/5 94/1/5
usemtl MI_Ext_Windows
f 112/2/5 113/3/5 114/4/5 115/5/5
o SM_ShopFront_6m_Plak_1
g SM_ShopFront_6m_Plak_1
usemtl MI_Arch_Cephe_K4
f 116/1/5 117/1/5 118/1/5 119/1/5
f 120/1/5 121/1/5 122/1/5 123/1/5
f 123/1/5 122/1/5 124/1/5 117/1/5
f 117/1/5 124/1/5 125/1/5 118/1/5
f 122/1/5 126/1/5 127/1/5 124/1/5
f 124/1/5 127/1/5 128/1/5 125/1/5
f 129/1/5 130/1/5 131/1/5 126/1/5
f 126/1/5 131/1/5 132/1/5 127/1/5
f 127/1/5 132/1/5 133/1/5 128/1/5
f 104/1/2 134/1/2 135/1/2 101/1/2
f 119/1/3 136/1/3 137/1/3 138/1/3 139/1/3 140/1/3 116/1/3
f 134/1/5 137/1/5 136/1/5 135/1/5
f 141/1/2 142/1/2 143/1/2 144/1/2 133/1/2 132/1/2 131/1/2 130/1/2
f 145/1/3 146/1/3 147/1/3 148/1/3
f 143/1/5 147/1/5 146/1/5 144/1/5
f 149/1/3 116/1/3 140/1/3 150/1/3
f 151/1/2 120/1/2 123/1/2 117/1/2 152/1/2
f 149/1/6 152/1/6 117/1/6 116/1/6
f 153/1/3 122/1/3 121/1/3 154/1/3 155/1/3
f 156/1/2 157/1/2 129/1/2 126/1/2 158/1/2
f 153/1/6 158/1/6 126/1/6 122/1/6
usemtl MI_Arch_Bordur
f 159/1/1 160/1/1 121/1/1 120/1/1 140/1/1
f 138/1/5 161/1/5 160/1/5 159/1/5
f 139/1/2 138/1/2 159/1/2 140/1/2
f 121/1/3 160/1/3 161/1/3 154/1/3
f 162/1/1 163/1/1 130/1/1 129/1/1
f 164/1/5 142/1/5 163/1/5 162/1/5
f 157/1/2 164/1/2 162/1/2 129/1/2
f 130/1/3 163/1/3 142/1/3 141/1/3
f 101/1/2 135/1/2 107/1/2 106/1/2 105/1/2
f 165/1/3 166/1/3 167/1/3 146/1/3 145/1/3
f 101/1/6 119/1/6 118/1/6 125/1/6 128/1/6 133/1/6 145/1/6 146/1/6 167/1/6 107/1/6 135/1/6
f 106/1/1 166/1/1 165/1/1 105/1/1
f 107/1/5 167/1/5 166/1/5 106/1/5
f 140/1/1 120/1/1 151/1/1 150/1/1
f 154/1/1 157/1/1 156/1/1 155/1/1
usemtl MI_Ext_ShopInterior
f 150/6/5 151/7/5 152/8/5 149/9/5
usemtl MI_Arch_Kapi
f 155/1/5 156/1/5 158/1/5 153/1/5
o SM_UpperFloor_6m_1
g SM_UpperFloor_6m_1
usemtl MI_Arch_Cephe_K4
f 105/1/5 165/1/5 168/1/5 108/1/5
usemtl MI_Arch_Bordur
f 108/1/2 111/1/2 110/1/2 109/1/2
f 169/1/3 170/1/3 171/1/3 168/1/3
f 108/1/6 168/1/6 171/1/6 111/1/6
f 110/1/1 170/1/1 169/1/1 109/1/1
f 111/1/5 171/1/5 170/1/5 110/1/5
usemtl MI_Ext_Windows
f 172/2/5 173/3/5 174/4/5 175/5/5
f 176/3/5 177/10/5 178/11/5 179/4/5
o SM_FacadeSign_Plak
g SM_FacadeSign_Plak
usemtl MI_Palette
f 180/12/2 181/12/2 182/12/2 183/12/2
f 184/12/3 185/12/3 186/12/3 187/12/3
f 180/12/6 187/12/6 186/12/6 181/12/6
f 182/12/1 185/12/1 184/12/1 183/12/1
f 181/12/5 186/12/5 185/12/5 182/12/5
usemtl MI_Ext_Signs
f 188/13/5 189/14/5 190/15/5 191/16/5
o SM_Awning_450_Lila_D1
g SM_Awning_450_Lila_D1
usemtl MI_Palette
f 192/17/7 193/17/7 194/17/7 195/17/7
f 196/18/8 197/18/8 198/18/8 199/18/8
f 200/17/9 201/17/9 193/17/9 192/17/9
f 199/18/10 198/18/10 202/18/10 203/18/10
f 204/17/5 205/17/5 201/17/5 200/17/5
f 206/18/4 207/18/4 208/18/4 209/18/4
f 204/17/2 200/17/2 192/17/2 195/17/2
f 210/18/3 211/18/3 212/18/3 213/18/3
f 194/17/3 193/17/3 201/17/3 205/17/3
f 214/18/2 215/18/2 216/18/2 217/18/2
o SM_ShopFront_8m_Cicek_1
g SM_ShopFront_8m_Cicek_1
usemtl MI_Arch_Cephe_K6
f 218/1/5 219/1/5 220/1/5 221/1/5
f 222/1/5 223/1/5 224/1/5 225/1/5
f 225/1/5 224/1/5 226/1/5 219/1/5
f 219/1/5 226/1/5 227/1/5 220/1/5
f 224/1/5 228/1/5 229/1/5 226/1/5
f 226/1/5 229/1/5 230/1/5 227/1/5
f 231/1/5 232/1/5 233/1/5 228/1/5
f 228/1/5 233/1/5 234/1/5 229/1/5
f 229/1/5 234/1/5 235/1/5 230/1/5
f 234/1/5 236/1/5 237/1/5 235/1/5
f 148/1/2 147/1/2 146/1/2 145/1/2
f 221/1/3 238/1/3 239/1/3 240/1/3 241/1/3 242/1/3 218/1/3
f 147/1/5 239/1/5 238/1/5 146/1/5
f 243/1/2 244/1/2 245/1/2 246/1/2 237/1/2 236/1/2 247/1/2
f 248/1/3 249/1/3 250/1/3 251/1/3
f 245/1/5 250/1/5 249/1/5 246/1/5
f 252/1/3 218/1/3 242/1/3 253/1/3
f 254/1/2 222/1/2 225/1/2 219/1/2 255/1/2
f 252/1/6 255/1/6 219/1/6 218/1/6
f 256/1/3 234/1/3 233/1/3 232/1/3 257/1/3
f 258/1/2 247/1/2 236/1/2 259/1/2
f 256/1/6 259/1/6 236/1/6 234/1/6
f 260/1/3 224/1/3 223/1/3 261/1/3 262/1/3
f 263/1/2 264/1/2 231/1/2 228/1/2 265/1/2
f 260/1/6 265/1/6 228/1/6 224/1/6
usemtl MI_Arch_Bordur
f 266/1/1 267/1/1 223/1/1 222/1/1 242/1/1
f 240/1/5 268/1/5 267/1/5 266/1/5
f 241/1/2 240/1/2 266/1/2 242/1/2
f 223/1/3 267/1/3 268/1/3 261/1/3
f 269/1/1 270/1/1 247/1/1 232/1/1 231/1/1
f 271/1/5 244/1/5 270/1/5 269/1/5
f 264/1/2 271/1/2 269/1/2 231/1/2
f 247/1/3 270/1/3 244/1/3 243/1/3
f 145/1/2 146/1/2 167/1/2 166/1/2 165/1/2
f 272/1/3 273/1/3 274/1/3 249/1/3 248/1/3
f 145/1/6 221/1/6 220/1/6 227/1/6 230/1/6 235/1/6 237/1/6 248/1/6 249/1/6 274/1/6 167/1/6 146/1/6
f 166/1/1 273/1/1 272/1/1 165/1/1
f 167/1/5 274/1/5 273/1/5 166/1/5
f 242/1/1 222/1/1 254/1/1 253/1/1
f 232/1/1 247/1/1 258/1/1 257/1/1
f 261/1/1 264/1/1 263/1/1 262/1/1
usemtl MI_Ext_ShopInterior
f 253/19/5 254/20/5 255/21/5 252/22/5
f 257/23/5 258/24/5 259/25/5 256/26/5
usemtl MI_Arch_Kapi
f 262/1/5 263/1/5 265/1/5 260/1/5
o SM_UpperFloor_8m_1
g SM_UpperFloor_8m_1
usemtl MI_Arch_Cephe_K6
f 165/1/5 272/1/5 275/1/5 168/1/5
usemtl MI_Arch_Bordur
f 168/1/2 171/1/2 170/1/2 169/1/2
f 276/1/3 277/1/3 278/1/3 275/1/3
f 168/1/6 275/1/6 278/1/6 171/1/6
f 170/1/1 277/1/1 276/1/1 169/1/1
f 171/1/5 278/1/5 277/1/5 170/1/5
usemtl MI_Ext_Windows
f 279/2/5 280/3/5 281/4/5 282/5/5
f 283/3/5 284/10/5 285/11/5 286/4/5
f 287/2/5 288/3/5 289/4/5 290/5/5
o SM_FacadeSign_Cicek
g SM_FacadeSign_Cicek
usemtl MI_Palette
f 291/12/2 292/12/2 293/12/2 294/12/2
f 295/12/3 296/12/3 297/12/3 298/12/3
f 291/12/6 298/12/6 297/12/6 292/12/6
f 293/12/1 296/12/1 295/12/1 294/12/1
f 292/12/5 297/12/5 296/12/5 293/12/5
usemtl MI_Ext_Signs
f 299/27/5 300/28/5 301/14/5 302/13/5
o SM_Awning_300_Bebek_D2
g SM_Awning_300_Bebek_D2
usemtl MI_Palette
f 303/29/7 304/29/7 305/29/7 306/29/7
f 307/30/8 308/30/8 309/30/8 310/30/8
f 311/29/9 312/29/9 304/29/9 303/29/9
f 310/30/10 309/30/10 313/30/10 314/30/10
f 315/29/5 316/29/5 312/29/5 311/29/5
f 317/30/4 318/30/4 319/30/4 320/30/4
f 315/29/2 311/29/2 303/29/2 306/29/2
f 321/30/3 322/30/3 323/30/3 324/30/3
f 305/29/3 304/29/3 312/29/3 316/29/3
f 325/30/2 326/30/2 327/30/2 328/30/2
o SM_BladeSign_Cicek
g SM_BladeSign_Cicek
usemtl MI_Palette
f 329/12/11 330/12/12 331/12/12 332/12/11
f 330/12/12 333/12/13 334/12/13 331/12/12
f 333/12/13 335/12/14 336/12/14 334/12/13
f 335/12/14 337/12/15 338/12/15 336/12/14
f 337/12/15 339/12/16 340/12/16 338/12/15
f 339/12/16 341/12/17 342/12/17 340/12/16
f 341/12/17 343/12/18 344/12/18 342/12/17
f 343/12/18 345/12/19 346/12/19 344/12/18
f 345/12/19 347/12/20 348/12/20 346/12/19
f 347/12/20 349/12/21 350/12/21 348/12/20
f 349/12/21 351/12/22 352/12/22 350/12/21
f 351/12/22 353/12/23 354/12/23 352/12/22
f 353/12/23 355/12/24 356/12/24 354/12/23
f 355/12/24 357/12/25 358/12/25 356/12/24
f 357/12/25 359/12/26 360/12/26 358/12/25
f 359/12/26 329/12/11 332/12/11 360/12/26
f 361/12/2 362/12/2 363/12/2 364/12/2
f 365/12/3 366/12/3 367/12/3 368/12/3
f 361/12/6 368/12/6 367/12/6 362/12/6
f 363/12/1 366/12/1 365/12/1 364/12/1
f 362/12/5 367/12/5 366/12/5 363/12/5
f 369/12/2 370/12/2 371/12/2 372/12/2
f 373/12/3 374/12/3 375/12/3 376/12/3
f 372/12/4 373/12/4 376/12/4 369/12/4
f 370/12/5 375/12/5 374/12/5 371/12/5
f 377/12/2 378/12/2 379/12/2 380/12/2
f 381/12/3 382/12/3 383/12/3 384/12/3
f 380/12/4 381/12/4 384/12/4 377/12/4
f 378/12/5 383/12/5 382/12/5 379/12/5
f 385/12/2 386/12/2 387/12/2 388/12/2
f 389/12/3 390/12/3 391/12/3 392/12/3
f 385/12/6 392/12/6 391/12/6 386/12/6
f 387/12/1 390/12/1 389/12/1 388/12/1
f 386/12/5 391/12/5 390/12/5 387/12/5
usemtl MI_Ext_Signs
f 359/31/3 357/32/3 355/33/3 353/34/3 351/35/3 349/36/3 347/37/3 345/38/3 343/39/3 341/40/3 339/41/3 337/42/3 335/43/3 333/44/3 330/45/3 329/46/3
f 332/31/2 331/32/2 334/33/2 336/34/2 338/35/2 340/36/2 342/37/2 344/38/2 346/39/2 348/40/2 350/41/2 352/42/2 354/43/2 356/44/2 358/45/2 360/46/2
o SM_FacadeFill_3m_5
g SM_FacadeFill_3m_5
usemtl MI_Arch_Cephe_K5
f 393/1/5 394/1/5 395/1/5 248/1/5
usemtl MI_Arch_Bordur
f 396/1/1 397/1/1 394/1/1 393/1/1
f 398/1/5 399/1/5 397/1/5 396/1/5
f 251/1/2 398/1/2 396/1/2 393/1/2
f 394/1/3 397/1/3 399/1/3 400/1/3
f 248/1/2 274/1/2 273/1/2 272/1/2
f 401/1/3 402/1/3 403/1/3 395/1/3
f 248/1/6 395/1/6 403/1/6 274/1/6
f 273/1/1 402/1/1 401/1/1 272/1/1
f 274/1/5 403/1/5 402/1/5 273/1/5
o SM_UpperFloor_3m_5
g SM_UpperFloor_3m_5
usemtl MI_Arch_Cephe_K5
f 272/1/5 401/1/5 404/1/5 275/1/5
usemtl MI_Arch_Bordur
f 275/1/2 278/1/2 277/1/2 276/1/2
f 405/1/3 406/1/3 407/1/3 404/1/3
f 275/1/6 404/1/6 407/1/6 278/1/6
f 277/1/1 406/1/1 405/1/1 276/1/1
f 278/1/5 407/1/5 406/1/5 277/1/5
usemtl MI_Ext_Windows
f 408/2/5 409/3/5 410/4/5 411/5/5
o SM_FacadeFill_3m_6
g SM_FacadeFill_3m_6
usemtl MI_Arch_Cephe_K0
f 394/1/5 412/1/5 413/1/5 395/1/5
usemtl MI_Arch_Bordur
f 397/1/1 414/1/1 412/1/1 394/1/1
f 399/1/5 415/1/5 414/1/5 397/1/5
f 400/1/2 399/1/2 397/1/2 394/1/2
f 412/1/3 414/1/3 415/1/3 416/1/3
f 395/1/2 403/1/2 402/1/2 401/1/2
f 417/1/3 418/1/3 419/1/3 413/1/3
f 395/1/6 413/1/6 419/1/6 403/1/6
f 402/1/1 418/1/1 417/1/1 401/1/1
f 403/1/5 419/1/5 418/1/5 402/1/5
o SM_UpperFloor_3m_6
g SM_UpperFloor_3m_6
usemtl MI_Arch_Cephe_K0
f 401/1/5 417/1/5 420/1/5 404/1/5
usemtl MI_Arch_Bordur
f 404/1/2 407/1/2 406/1/2 405/1/2
f 421/1/3 422/1/3 423/1/3 420/1/3
f 404/1/6 420/1/6 423/1/6 407/1/6
f 406/1/1 422/1/1 421/1/1 405/1/1
f 407/1/5 423/1/5 422/1/5 406/1/5
usemtl MI_Ext_Windows
f 424/2/5 425/3/5 426/4/5 427/5/5
o SM_FacadeFill_3m_7
g SM_FacadeFill_3m_7
usemtl MI_Arch_Cephe_K0
f 412/1/5 428/1/5 429/1/5 413/1/5
usemtl MI_Arch_Bordur
f 414/1/1 430/1/1 428/1/1 412/1/1
f 415/1/5 431/1/5 430/1/5 414/1/5
f 416/1/2 415/1/2 414/1/2 412/1/2
f 428/1/3 430/1/3 431/1/3 432/1/3
f 413/1/2 419/1/2 418/1/2 417/1/2
f 433/1/3 434/1/3 435/1/3 429/1/3
f 413/1/6 429/1/6 435/1/6 419/1/6
f 418/1/1 434/1/1 433/1/1 417/1/1
f 419/1/5 435/1/5 434/1/5 418/1/5
o SM_UpperFloor_3m_7
g SM_UpperFloor_3m_7
usemtl MI_Arch_Cephe_K0
f 417/1/5 433/1/5 436/1/5 420/1/5
usemtl MI_Arch_Bordur
f 420/1/2 423/1/2 422/1/2 421/1/2
f 437/1/3 438/1/3 439/1/3 436/1/3
f 420/1/6 436/1/6 439/1/6 423/1/6
f 422/1/1 438/1/1 437/1/1 421/1/1
f 423/1/5 439/1/5 438/1/5 422/1/5
usemtl MI_Ext_Windows
f 440/2/5 441/3/5 442/4/5 443/5/5
o SM_FacadeFill_3m_8
g SM_FacadeFill_3m_8
usemtl MI_Arch_Cephe_K0
f 428/1/5 444/1/5 445/1/5 429/1/5
usemtl MI_Arch_Bordur
f 430/1/1 446/1/1 444/1/1 428/1/1
f 431/1/5 447/1/5 446/1/5 430/1/5
f 432/1/2 431/1/2 430/1/2 428/1/2
f 444/1/3 446/1/3 447/1/3 448/1/3
f 429/1/2 435/1/2 434/1/2 433/1/2
f 449/1/3 450/1/3 451/1/3 445/1/3
f 429/1/6 445/1/6 451/1/6 435/1/6
f 434/1/1 450/1/1 449/1/1 433/1/1
f 435/1/5 451/1/5 450/1/5 434/1/5
o SM_UpperFloor_3m_8
g SM_UpperFloor_3m_8
usemtl MI_Arch_Cephe_K0
f 433/1/5 449/1/5 452/1/5 436/1/5
usemtl MI_Arch_Bordur
f 436/1/2 439/1/2 438/1/2 437/1/2
f 453/1/3 454/1/3 455/1/3 452/1/3
f 436/1/6 452/1/6 455/1/6 439/1/6
f 438/1/1 454/1/1 453/1/1 437/1/1
f 439/1/5 455/1/5 454/1/5 438/1/5
usemtl MI_Ext_Windows
f 456/2/5 457/3/5 458/4/5 459/5/5
o SM_ShopFront_6m_Oyuncak_1
g SM_ShopFront_6m_Oyuncak_1
usemtl MI_Arch_Cephe_K5
f 460/1/5 461/1/5 462/1/5 463/1/5
f 464/1/5 465/1/5 466/1/5 467/1/5
f 467/1/5 466/1/5 468/1/5 461/1/5
f 461/1/5 468/1/5 469/1/5 462/1/5
f 466/1/5 470/1/5 471/1/5 468/1/5
f 468/1/5 471/1/5 472/1/5 469/1/5
f 473/1/5 474/1/5 475/1/5 470/1/5
f 470/1/5 475/1/5 476/1/5 471/1/5
f 471/1/5 476/1/5 477/1/5 472/1/5
f 448/1/2 478/1/2 479/1/2 445/1/2
f 463/1/3 480/1/3 481/1/3 482/1/3 483/1/3 484/1/3 460/1/3
f 478/1/5 481/1/5 480/1/5 479/1/5
f 485/1/2 486/1/2 487/1/2 488/1/2 477/1/2 476/1/2 475/1/2 474/1/2
f 489/1/3 490/1/3 491/1/3 492/1/3
f 487/1/5 491/1/5 490/1/5 488/1/5
f 493/1/3 460/1/3 484/1/3 494/1/3
f 495/1/2 464/1/2 467/1/2 461/1/2 496/1/2
f 493/1/6 496/1/6 461/1/6 460/1/6
f 497/1/3 466/1/3 465/1/3 498/1/3 499/1/3
f 500/1/2 501/1/2 473/1/2 470/1/2 502/1/2
f 497/1/6 502/1/6 470/1/6 466/1/6
usemtl MI_Arch_Bordur
f 503/1/1 504/1/1 465/1/1 464/1/1 484/1/1
f 482/1/5 505/1/5 504/1/5 503/1/5
f 483/1/2 482/1/2 503/1/2 484/1/2
f 465/1/3 504/1/3 505/1/3 498/1/3
f 506/1/1 507/1/1 474/1/1 473/1/1
f 508/1/5 486/1/5 507/1/5 506/1/5
f 501/1/2 508/1/2 506/1/2 473/1/2
f 474/1/3 507/1/3 486/1/3 485/1/3
f 445/1/2 479/1/2 451/1/2 450/1/2 449/1/2
f 509/1/3 510/1/3 511/1/3 490/1/3 489/1/3
f 445/1/6 463/1/6 462/1/6 469/1/6 472/1/6 477/1/6 489/1/6 490/1/6 511/1/6 451/1/6 479/1/6
f 450/1/1 510/1/1 509/1/1 449/1/1
f 451/1/5 511/1/5 510/1/5 450/1/5
f 484/1/1 464/1/1 495/1/1 494/1/1
f 498/1/1 501/1/1 500/1/1 499/1/1
usemtl MI_Ext_ShopInterior
f 494/47/5 495/48/5 496/7/5 493/6/5
usemtl MI_Arch_Kapi
f 499/1/5 500/1/5 502/1/5 497/1/5
o SM_UpperFloor_6m_2
g SM_UpperFloor_6m_2
usemtl MI_Arch_Cephe_K5
f 449/1/5 509/1/5 512/1/5 452/1/5
usemtl MI_Arch_Bordur
f 452/1/2 455/1/2 454/1/2 453/1/2
f 513/1/3 514/1/3 515/1/3 512/1/3
f 452/1/6 512/1/6 515/1/6 455/1/6
f 454/1/1 514/1/1 513/1/1 453/1/1
f 455/1/5 515/1/5 514/1/5 454/1/5
usemtl MI_Ext_Windows
f 516/2/5 517/3/5 518/4/5 519/5/5
f 520/3/5 521/10/5 522/11/5 523/4/5
o SM_FacadeSign_Oyuncak
g SM_FacadeSign_Oyuncak
usemtl MI_Palette
f 524/12/2 525/12/2 526/12/2 527/12/2
f 528/12/3 529/12/3 530/12/3 531/12/3
f 524/12/6 531/12/6 530/12/6 525/12/6
f 526/12/1 529/12/1 528/12/1 527/12/1
f 525/12/5 530/12/5 529/12/5 526/12/5
usemtl MI_Ext_Signs
f 532/49/5 533/50/5 534/28/5 535/27/5
o SM_Awning_300_Nane_D3
g SM_Awning_300_Nane_D3
usemtl MI_Palette
f 536/51/7 537/51/7 538/51/7 539/51/7
f 540/30/8 541/30/8 542/30/8 543/30/8
f 544/51/9 545/51/9 537/51/9 536/51/9
f 543/30/10 542/30/10 546/30/10 547/30/10
f 548/51/5 549/51/5 545/51/5 544/51/5
f 550/30/4 551/30/4 552/30/4 553/30/4
f 548/51/2 544/51/2 536/51/2 539/51/2
f 554/30/3 555/30/3 556/30/3 557/30/3
f 538/51/3 537/51/3 545/51/3 549/51/3
f 558/30/2 559/30/2 560/30/2 561/30/2
o SM_ShopFront_8m_Kitap_1
g SM_ShopFront_8m_Kitap_1
usemtl MI_Arch_Cephe_K4
f 562/1/5 563/1/5 564/1/5 565/1/5
f 566/1/5 567/1/5 568/1/5 569/1/5
f 569/1/5 568/1/5 570/1/5 563/1/5
f 563/1/5 570/1/5 571/1/5 564/1/5
f 568/1/5 572/1/5 573/1/5 570/1/5
f 570/1/5 573/1/5 574/1/5 571/1/5
f 575/1/5 576/1/5 577/1/5 572/1/5
f 572/1/5 577/1/5 578/1/5 573/1/5
f 573/1/5 578/1/5 579/1/5 574/1/5
f 578/1/5 580/1/5 581/1/5 579/1/5
f 492/1/2 491/1/2 490/1/2 489/1/2
f 565/1/3 582/1/3 583/1/3 584/1/3 585/1/3 586/1/3 562/1/3
f 491/1/5 583/1/5 582/1/5 490/1/5
f 587/1/2 588/1/2 589/1/2 590/1/2 581/1/2 580/1/2 591/1/2
f 592/1/3 593/1/3 594/1/3 25/1/3
f 589/1/5 594/1/5 593/1/5 590/1/5
f 595/1/3 562/1/3 586/1/3 596/1/3
f 597/1/2 566/1/2 569/1/2 563/1/2 598/1/2
f 595/1/6 598/1/6 563/1/6 562/1/6
f 599/1/3 578/1/3 577/1/3 576/1/3 600/1/3
f 601/1/2 591/1/2 580/1/2 602/1/2
f 599/1/6 602/1/6 580/1/6 578/1/6
f 603/1/3 568/1/3 567/1/3 604/1/3 605/1/3
f 606/1/2 607/1/2 575/1/2 572/1/2 608/1/2
f 603/1/6 608/1/6 572/1/6 568/1/6
usemtl MI_Arch_Bordur
f 609/1/1 610/1/1 567/1/1 566/1/1 586/1/1
f 584/1/5 611/1/5 610/1/5 609/1/5
f 585/1/2 584/1/2 609/1/2 586/1/2
f 567/1/3 610/1/3 611/1/3 604/1/3
f 612/1/1 613/1/1 591/1/1 576/1/1 575/1/1
f 614/1/5 588/1/5 613/1/5 612/1/5
f 607/1/2 614/1/2 612/1/2 575/1/2
f 591/1/3 613/1/3 588/1/3 587/1/3
f 489/1/2 490/1/2 511/1/2 510/1/2 509/1/2
f 615/1/3 616/1/3 617/1/3 593/1/3 592/1/3
f 489/1/6 565/1/6 564/1/6 571/1/6 574/1/6 579/1/6 581/1/6 592/1/6 593/1/6 617/1/6 511/1/6 490/1/6
f 510/1/1 616/1/1 615/1/1 509/1/1
f 511/1/5 617/1/5 616/1/5 510/1/5
f 586/1/1 566/1/1 597/1/1 596/1/1
f 576/1/1 591/1/1 601/1/1 600/1/1
f 604/1/1 607/1/1 606/1/1 605/1/1
usemtl MI_Ext_ShopInterior
f 596/52/5 597/53/5 598/20/5 595/19/5
f 600/54/5 601/55/5 602/56/5 599/57/5
usemtl MI_Arch_Kapi
f 605/1/5 606/1/5 608/1/5 603/1/5
o SM_UpperFloor_8m_2
g SM_UpperFloor_8m_2
usemtl MI_Arch_Cephe_K4
f 509/1/5 615/1/5 35/1/5 512/1/5
usemtl MI_Arch_Bordur
f 512/1/2 515/1/2 514/1/2 513/1/2
f 618/1/3 619/1/3 620/1/3 35/1/3
f 512/1/6 35/1/6 620/1/6 515/1/6
f 514/1/1 619/1/1 618/1/1 513/1/1
f 515/1/5 620/1/5 619/1/5 514/1/5
usemtl MI_Ext_Windows
f 621/2/5 622/3/5 623/4/5 624/5/5
f 625/3/5 626/10/5 627/11/5 628/4/5
f 629/2/5 630/3/5 631/4/5 632/5/5
o SM_FacadeSign_Kitap
g SM_FacadeSign_Kitap
usemtl MI_Palette
f 633/12/2 634/12/2 635/12/2 636/12/2
f 637/12/3 638/12/3 639/12/3 640/12/3
f 633/12/6 640/12/6 639/12/6 634/12/6
f 635/12/1 638/12/1 637/12/1 636/12/1
f 634/12/5 639/12/5 638/12/5 635/12/5
usemtl MI_Ext_Signs
f 641/58/5 642/59/5 643/50/5 644/49/5
o SM_Awning_300_Lila_D4
g SM_Awning_300_Lila_D4
usemtl MI_Palette
f 645/17/7 646/17/7 647/17/7 648/17/7
f 649/18/8 650/18/8 651/18/8 652/18/8
f 653/17/9 654/17/9 646/17/9 645/17/9
f 652/18/10 651/18/10 655/18/10 656/18/10
f 657/17/5 658/17/5 654/17/5 653/17/5
f 659/18/4 660/18/4 661/18/4 662/18/4
f 657/17/2 653/17/2 645/17/2 648/17/2
f 663/18/3 664/18/3 665/18/3 666/18/3
f 647/17/3 646/17/3 654/17/3 658/17/3
f 667/18/2 668/18/2 669/18/2 670/18/2
o SM_BladeSign_Kitap
g SM_BladeSign_Kitap
usemtl MI_Palette
f 671/12/11 672/12/12 673/12/12 674/12/11
f 672/12/12 675/12/13 676/12/13 673/12/12
f 675/12/13 677/12/14 678/12/14 676/12/13
f 677/12/14 679/12/15 680/12/15 678/12/14
f 679/12/15 681/12/16 682/12/16 680/12/15
f 681/12/16 683/12/17 684/12/17 682/12/16
f 683/12/17 685/12/18 686/12/18 684/12/17
f 685/12/18 687/12/19 688/12/19 686/12/18
f 687/12/19 689/12/20 690/12/20 688/12/19
f 689/12/20 691/12/21 692/12/21 690/12/20
f 691/12/21 693/12/22 694/12/22 692/12/21
f 693/12/22 695/12/23 696/12/23 694/12/22
f 695/12/23 697/12/24 698/12/24 696/12/23
f 697/12/24 699/12/25 700/12/25 698/12/24
f 699/12/25 701/12/26 702/12/26 700/12/25
f 701/12/26 671/12/11 674/12/11 702/12/26
f 703/12/2 704/12/2 705/12/2 706/12/2
f 707/12/3 708/12/3 709/12/3 710/12/3
f 703/12/6 710/12/6 709/12/6 704/12/6
f 705/12/1 708/12/1 707/12/1 706/12/1
f 704/12/5 709/12/5 708/12/5 705/12/5
f 711/12/2 712/12/2 713/12/2 714/12/2
f 715/12/3 716/12/3 717/12/3 718/12/3
f 714/12/4 715/12/4 718/12/4 711/12/4
f 712/12/5 717/12/5 716/12/5 713/12/5
f 719/12/2 720/12/2 721/12/2 722/12/2
f 723/12/3 724/12/3 725/12/3 726/12/3
f 722/12/4 723/12/4 726/12/4 719/12/4
f 720/12/5 725/12/5 724/12/5 721/12/5
f 727/12/2 728/12/2 729/12/2 730/12/2
f 731/12/3 732/12/3 733/12/3 734/12/3
f 727/12/6 734/12/6 733/12/6 728/12/6
f 729/12/1 732/12/1 731/12/1 730/12/1
f 728/12/5 733/12/5 732/12/5 729/12/5
usemtl MI_Ext_Signs
f 701/60/3 699/61/3 697/62/3 695/63/3 693/64/3 691/65/3 689/66/3 687/67/3 685/68/3 683/69/3 681/70/3 679/71/3 677/72/3 675/73/3 672/74/3 671/75/3
f 674/60/2 673/61/2 676/62/2 678/63/2 680/64/2 682/65/2 684/66/2 686/67/2 688/68/2 690/69/2 692/70/2 694/71/2 696/72/2 698/73/2 700/74/2 702/75/2
o SM_ShopFront_6m_Radyo_1
g SM_ShopFront_6m_Radyo_1
usemtl MI_Arch_Cephe_K6
f 735/1/5 736/1/5 737/1/5 738/1/5
f 739/1/5 740/1/5 741/1/5 742/1/5
f 742/1/5 741/1/5 743/1/5 736/1/5
f 736/1/5 743/1/5 744/1/5 737/1/5
f 741/1/5 745/1/5 746/1/5 743/1/5
f 743/1/5 746/1/5 747/1/5 744/1/5
f 748/1/5 749/1/5 750/1/5 745/1/5
f 745/1/5 750/1/5 751/1/5 746/1/5
f 746/1/5 751/1/5 752/1/5 747/1/5
f 28/1/2 753/1/2 754/1/2 755/1/2
f 738/1/3 756/1/3 757/1/3 758/1/3 759/1/3 760/1/3 735/1/3
f 753/1/5 757/1/5 756/1/5 754/1/5
f 761/1/2 762/1/2 763/1/2 764/1/2 752/1/2 751/1/2 750/1/2 749/1/2
f 765/1/3 766/1/3 767/1/3 768/1/3
f 763/1/5 767/1/5 766/1/5 764/1/5
f 769/1/3 735/1/3 760/1/3 770/1/3
f 771/1/2 739/1/2 742/1/2 736/1/2 772/1/2
f 769/1/6 772/1/6 736/1/6 735/1/6
f 773/1/3 741/1/3 740/1/3 774/1/3 775/1/3
f 776/1/2 777/1/2 748/1/2 745/1/2 778/1/2
f 773/1/6 778/1/6 745/1/6 741/1/6
usemtl MI_Arch_Bordur
f 779/1/1 780/1/1 740/1/1 739/1/1 760/1/1
f 758/1/5 781/1/5 780/1/5 779/1/5
f 759/1/2 758/1/2 779/1/2 760/1/2
f 740/1/3 780/1/3 781/1/3 774/1/3
f 782/1/1 783/1/1 749/1/1 748/1/1
f 784/1/5 762/1/5 783/1/5 782/1/5
f 777/1/2 784/1/2 782/1/2 748/1/2
f 749/1/3 783/1/3 762/1/3 761/1/3
f 755/1/2 754/1/2 785/1/2 786/1/2 787/1/2
f 788/1/3 789/1/3 790/1/3 766/1/3 765/1/3
f 755/1/6 738/1/6 737/1/6 744/1/6 747/1/6 752/1/6 765/1/6 766/1/6 790/1/6 785/1/6 754/1/6
f 786/1/1 789/1/1 788/1/1 787/1/1
f 785/1/5 790/1/5 789/1/5 786/1/5
f 760/1/1 739/1/1 771/1/1 770/1/1
f 774/1/1 777/1/1 776/1/1 775/1/1
usemtl MI_Ext_ShopInterior
f 770/76/5 771/77/5 772/48/5 769/47/5
usemtl MI_Arch_Kapi
f 775/1/5 776/1/5 778/1/5 773/1/5
o SM_UpperFloor_6m_3
g SM_UpperFloor_6m_3
usemtl MI_Arch_Cephe_K6
f 787/1/5 788/1/5 791/1/5 39/1/5
usemtl MI_Arch_Bordur
f 39/1/2 792/1/2 793/1/2 794/1/2
f 795/1/3 796/1/3 797/1/3 791/1/3
f 39/1/6 791/1/6 797/1/6 792/1/6
f 793/1/1 796/1/1 795/1/1 794/1/1
f 792/1/5 797/1/5 796/1/5 793/1/5
usemtl MI_Ext_Windows
f 798/2/5 799/3/5 800/4/5 801/5/5
f 802/3/5 803/10/5 804/11/5 805/4/5
o SM_FacadeSign_Radyo
g SM_FacadeSign_Radyo
usemtl MI_Palette
f 806/12/2 807/12/2 808/12/2 809/12/2
f 810/12/3 811/12/3 812/12/3 813/12/3
f 806/12/6 813/12/6 812/12/6 807/12/6
f 808/12/1 811/12/1 810/12/1 809/12/1
f 807/12/5 812/12/5 811/12/5 808/12/5
usemtl MI_Ext_Signs
f 814/39/5 815/78/5 816/59/5 817/58/5
o SM_BladeSign_Radyo
g SM_BladeSign_Radyo
usemtl MI_Palette
f 818/12/11 819/12/12 820/12/12 821/12/11
f 819/12/12 822/12/13 823/12/13 820/12/12
f 822/12/13 824/12/14 825/12/14 823/12/13
f 824/12/14 826/12/15 827/12/15 825/12/14
f 826/12/15 828/12/16 829/12/16 827/12/15
f 828/12/16 830/12/17 831/12/17 829/12/16
f 830/12/17 832/12/18 833/12/18 831/12/17
f 832/12/18 834/12/19 835/12/19 833/12/18
f 834/12/19 836/12/20 837/12/20 835/12/19
f 836/12/20 838/12/21 839/12/21 837/12/20
f 838/12/21 840/12/22 841/12/22 839/12/21
f 840/12/22 842/12/23 843/12/23 841/12/22
f 842/12/23 844/12/24 845/12/24 843/12/23
f 844/12/24 846/12/25 847/12/25 845/12/24
f 846/12/25 848/12/26 849/12/26 847/12/25
f 848/12/26 818/12/11 821/12/11 849/12/26
f 850/12/2 851/12/2 852/12/2 853/12/2
f 854/12/3 855/12/3 856/12/3 857/12/3
f 850/12/6 857/12/6 856/12/6 851/12/6
f 852/12/1 855/12/1 854/12/1 853/12/1
f 851/12/5 856/12/5 855/12/5 852/12/5
f 858/12/2 859/12/2 860/12/2 861/12/2
f 862/12/3 863/12/3 864/12/3 865/12/3
f 861/12/4 862/12/4 865/12/4 858/12/4
f 859/12/5 864/12/5 863/12/5 860/12/5
f 866/12/2 867/12/2 868/12/2 869/12/2
f 870/12/3 871/12/3 872/12/3 873/12/3
f 869/12/4 870/12/4 873/12/4 866/12/4
f 867/12/5 872/12/5 871/12/5 868/12/5
f 874/12/2 875/12/2 876/12/2 877/12/2
f 878/12/3 879/12/3 880/12/3 881/12/3
f 874/12/6 881/12/6 880/12/6 875/12/6
f 876/12/1 879/12/1 878/12/1 877/12/1
f 875/12/5 880/12/5 879/12/5 876/12/5
usemtl MI_Ext_Signs
f 848/79/3 846/80/3 844/81/3 842/82/3 840/83/3 838/84/3 836/85/3 834/86/3 832/87/3 830/88/3 828/89/3 826/90/3 824/91/3 822/92/3 819/93/3 818/94/3
f 821/79/2 820/80/2 823/81/2 825/82/2 827/83/2 829/84/2 831/85/2 833/86/2 835/87/2 837/88/2 839/89/2 841/90/2 843/91/2 845/92/2 847/93/2 849/94/2
o SM_FacadeFill_3m_9
g SM_FacadeFill_3m_9
usemtl MI_Arch_Cephe_K4
f 882/1/5 883/1/5 884/1/5 765/1/5
usemtl MI_Arch_Bordur
f 885/1/1 886/1/1 883/1/1 882/1/1
f 887/1/5 888/1/5 886/1/5 885/1/5
f 768/1/2 887/1/2 885/1/2 882/1/2
f 883/1/3 886/1/3 888/1/3 889/1/3
f 765/1/2 790/1/2 789/1/2 788/1/2
f 890/1/3 891/1/3 892/1/3 884/1/3
f 765/1/6 884/1/6 892/1/6 790/1/6
f 789/1/1 891/1/1 890/1/1 788/1/1
f 790/1/5 892/1/5 891/1/5 789/1/5
o SM_UpperFloor_3m_9
g SM_UpperFloor_3m_9
usemtl MI_Arch_Cephe_K4
f 788/1/5 890/1/5 893/1/5 791/1/5
usemtl MI_Arch_Bordur
f 791/1/2 797/1/2 796/1/2 795/1/2
f 894/1/3 895/1/3 896/1/3 893/1/3
f 791/1/6 893/1/6 896/1/6 797/1/6
f 796/1/1 895/1/1 894/1/1 795/1/1
f 797/1/5 896/1/5 895/1/5 796/1/5
usemtl MI_Ext_Windows
f 897/2/5 898/3/5 899/4/5 900/5/5
o SM_FacadeFill_3m_10
g SM_FacadeFill_3m_10
usemtl MI_Arch_Cephe_K5
f 883/1/5 901/1/5 902/1/5 884/1/5
usemtl MI_Arch_Bordur
f 886/1/1 903/1/1 901/1/1 883/1/1
f 888/1/5 904/1/5 903/1/5 886/1/5
f 889/1/2 888/1/2 886/1/2 883/1/2
f 901/1/3 903/1/3 904/1/3 19/1/3
f 884/1/2 892/1/2 891/1/2 890/1/2
f 905/1/3 906/1/3 907/1/3 902/1/3
f 884/1/6 902/1/6 907/1/6 892/1/6
f 891/1/1 906/1/1 905/1/1 890/1/1
f 892/1/5 907/1/5 906/1/5 891/1/5
o SM_UpperFloor_3m_10
g SM_UpperFloor_3m_10
usemtl MI_Arch_Cephe_K5
f 890/1/5 905/1/5 908/1/5 893/1/5
usemtl MI_Arch_Bordur
f 893/1/2 896/1/2 895/1/2 894/1/2
f 909/1/3 910/1/3 911/1/3 908/1/3
f 893/1/6 908/1/6 911/1/6 896/1/6
f 895/1/1 910/1/1 909/1/1 894/1/1
f 896/1/5 911/1/5 910/1/5 895/1/5
usemtl MI_Ext_Windows
f 912/2/5 913/3/5 914/4/5 915/5/5
o SM_FarSilhouetteCard
g SM_FarSilhouetteCard
usemtl MI_Ext_FarSilhouette
f 916/2/5 917/10/5 918/11/5 919/5/5
o SM_StreetLamp_Yakin_1
g SM_StreetLamp_Yakin_1
usemtl MI_Palette
f 920/12/27 921/12/28 922/12/28 923/12/27
f 921/12/28 924/12/29 925/12/29 922/12/28
f 924/12/29 926/12/30 927/12/30 925/12/29
f 926/12/30 928/12/31 929/12/31 927/12/30
f 928/12/31 930/12/32 931/12/32 929/12/31
f 930/12/32 932/12/33 933/12/33 931/12/32
f 932/12/33 934/12/34 935/12/34 933/12/33
f 934/12/34 920/12/27 923/12/27 935/12/34
f 934/12/1 932/12/1 930/12/1 928/12/1 926/12/1 924/12/1 921/12/1 920/12/1
f 936/95/35 937/95/36 938/95/36 939/95/35
f 937/95/36 940/95/37 941/95/37 938/95/36
f 940/95/37 942/95/38 943/95/38 941/95/37
f 942/95/38 944/95/39 945/95/39 943/95/38
f 944/95/39 946/95/40 947/95/40 945/95/39
f 946/95/40 948/95/41 949/95/41 947/95/40
f 948/95/41 950/95/42 951/95/42 949/95/41
f 950/95/42 936/95/35 939/95/35 951/95/42
f 950/95/1 948/95/1 946/95/1 944/95/1 942/95/1 940/95/1 937/95/1 936/95/1
f 952/12/27 953/12/28 954/12/28 955/12/27
f 953/12/28 956/12/29 957/12/29 954/12/28
f 956/12/29 958/12/30 959/12/30 957/12/29
f 958/12/30 960/12/31 961/12/31 959/12/30
f 960/12/31 962/12/32 963/12/32 961/12/31
f 962/12/32 964/12/33 965/12/33 963/12/32
f 964/12/33 966/12/34 967/12/34 965/12/33
f 966/12/34 952/12/27 955/12/27 967/12/34
f 968/95/43 969/95/44 970/95/44 971/95/43
f 969/95/44 972/95/45 973/95/45 970/95/44
f 972/95/45 974/95/46 975/95/46 973/95/45
f 974/95/46 976/95/47 977/95/47 975/95/46
f 976/95/47 978/95/48 979/95/48 977/95/47
f 978/95/48 980/95/49 981/95/49 979/95/48
f 980/95/49 982/95/50 983/95/50 981/95/49
f 982/95/50 968/95/43 971/95/43 983/95/50
f 982/95/1 980/95/1 978/95/1 976/95/1 974/95/1 972/95/1 969/95/1 968/95/1
f 971/95/6 970/95/6 973/95/6 975/95/6 977/95/6 979/95/6 981/95/6 983/95/6
f 984/96/1 985/96/51 986/96/52
f 984/96/1 987/96/53 985/96/51
f 984/96/1 988/96/54 987/96/53
f 984/96/1 989/96/55 988/96/54
f 984/96/1 990/96/56 989/96/55
f 984/96/1 991/96/57 990/96/56
f 984/96/1 992/96/58 991/96/57
f 984/96/1 993/96/59 992/96/58
f 984/96/1 994/96/60 993/96/59
f 984/96/1 986/96/52 994/96/60
f 986/96/52 985/96/51 995/96/61 996/96/62
f 985/96/51 987/96/53 997/96/63 995/96/61
f 987/96/53 988/96/54 998/96/64 997/96/63
f 988/96/54 989/96/55 999/96/65 998/96/64
f 989/96/55 990/96/56 1000/96/66 999/96/65
f 990/96/56 991/96/57 1001/96/67 1000/96/66
f 991/96/57 992/96/58 1002/96/68 1001/96/67
f 992/96/58 993/96/59 1003/96/69 1002/96/68
f 993/96/59 994/96/60 1004/96/70 1003/96/69
f 994/96/60 986/96/52 996/96/62 1004/96/70
f 996/96/62 995/96/61 1005/96/71 1006/96/72
f 995/96/61 997/96/63 1007/96/73 1005/96/71
f 997/96/63 998/96/64 1008/96/74 1007/96/73
f 998/96/64 999/96/65 1009/96/75 1008/96/74
f 999/96/65 1000/96/66 1010/96/76 1009/96/75
f 1000/96/66 1001/96/67 1011/96/77 1010/96/76
f 1001/96/67 1002/96/68 1012/96/78 1011/96/77
f 1002/96/68 1003/96/69 1013/96/79 1012/96/78
f 1003/96/69 1004/96/70 1014/96/80 1013/96/79
f 1004/96/70 996/96/62 1006/96/72 1014/96/80
f 1006/96/72 1005/96/71 1015/96/81 1016/96/82
f 1005/96/71 1007/96/73 1017/96/83 1015/96/81
f 1007/96/73 1008/96/74 1018/96/84 1017/96/83
f 1008/96/74 1009/96/75 1019/96/85 1018/96/84
f 1009/96/75 1010/96/76 1020/96/86 1019/96/85
f 1010/96/76 1011/96/77 1021/96/87 1020/96/86
f 1011/96/77 1012/96/78 1022/96/88 1021/96/87
f 1012/96/78 1013/96/79 1023/96/89 1022/96/88
f 1013/96/79 1014/96/80 1024/96/90 1023/96/89
f 1014/96/80 1006/96/72 1016/96/82 1024/96/90
f 1016/96/82 1015/96/81 1025/96/91 1026/96/92
f 1015/96/81 1017/96/83 1027/96/93 1025/96/91
f 1017/96/83 1018/96/84 1028/96/94 1027/96/93
f 1018/96/84 1019/96/85 1029/96/95 1028/96/94
f 1019/96/85 1020/96/86 1030/96/96 1029/96/95
f 1020/96/86 1021/96/87 1031/96/97 1030/96/96
f 1021/96/87 1022/96/88 1032/96/98 1031/96/97
f 1022/96/88 1023/96/89 1033/96/99 1032/96/98
f 1023/96/89 1024/96/90 1034/96/100 1033/96/99
f 1024/96/90 1016/96/82 1026/96/92 1034/96/100
f 1026/96/92 1025/96/91 1035/96/101 1036/96/102
f 1025/96/91 1027/96/93 1037/96/103 1035/96/101
f 1027/96/93 1028/96/94 1038/96/104 1037/96/103
f 1028/96/94 1029/96/95 1039/96/105 1038/96/104
f 1029/96/95 1030/96/96 1040/96/106 1039/96/105
f 1030/96/96 1031/96/97 1041/96/107 1040/96/106
f 1031/96/97 1032/96/98 1042/96/108 1041/96/107
f 1032/96/98 1033/96/99 1043/96/109 1042/96/108
f 1033/96/99 1034/96/100 1044/96/110 1043/96/109
f 1034/96/100 1026/96/92 1036/96/102 1044/96/110
f 1036/96/102 1035/96/101 1045/96/6
f 1035/96/101 1037/96/103 1045/96/6
f 1037/96/103 1038/96/104 1045/96/6
f 1038/96/104 1039/96/105 1045/96/6
f 1039/96/105 1040/96/106 1045/96/6
f 1040/96/106 1041/96/107 1045/96/6
f 1041/96/107 1042/96/108 1045/96/6
f 1042/96/108 1043/96/109 1045/96/6
f 1043/96/109 1044/96/110 1045/96/6
f 1044/96/110 1036/96/102 1045/96/6
f 1046/12/111 1047/12/112 1048/12/112 1049/12/111
f 1047/12/112 1050/12/113 1051/12/113 1048/12/112
f 1050/12/113 1052/12/114 1053/12/114 1051/12/113
f 1052/12/114 1054/12/115 1055/12/115 1053/12/114
f 1054/12/115 1056/12/116 1057/12/116 1055/12/115
f 1056/12/116 1058/12/117 1059/12/117 1057/12/116
f 1058/12/117 1060/12/118 1061/12/118 1059/12/117
f 1060/12/118 1046/12/111 1049/12/111 1061/12/118
f 1060/12/1 1058/12/1 1056/12/1 1054/12/1 1052/12/1 1050/12/1 1047/12/1 1046/12/1
f 1049/12/6 1048/12/6 1051/12/6 1053/12/6 1055/12/6 1057/12/6 1059/12/6 1061/12/6
f 1062/12/119 1063/12/120 1064/12/121
f 1062/12/122 1065/12/123 1063/12/120
f 1062/12/124 1066/12/125 1065/12/123
f 1062/12/126 1067/12/127 1066/12/125
f 1062/12/128 1068/12/129 1067/12/127
f 1062/12/130 1064/12/121 1068/12/129
o SM_StreetLamp_Yakin_2
g SM_StreetLamp_Yakin_2
usemtl MI_Palette
f 1069/12/27 1070/12/28 1071/12/28 1072/12/27
f 1070/12/28 1073/12/29 1074/12/29 1071/12/28
f 1073/12/29 1075/12/30 1076/12/30 1074/12/29
f 1075/12/30 1077/12/31 1078/12/31 1076/12/30
f 1077/12/31 1079/12/32 1080/12/32 1078/12/31
f 1079/12/32 1081/12/33 1082/12/33 1080/12/32
f 1081/12/33 1083/12/34 1084/12/34 1082/12/33
f 1083/12/34 1069/12/27 1072/12/27 1084/12/34
f 1083/12/1 1081/12/1 1079/12/1 1077/12/1 1075/12/1 1073/12/1 1070/12/1 1069/12/1
f 1085/95/35 1086/95/36 1087/95/36 1088/95/35
f 1086/95/36 1089/95/37 1090/95/37 1087/95/36
f 1089/95/37 1091/95/38 1092/95/38 1090/95/37
f 1091/95/38 1093/95/39 1094/95/39 1092/95/38
f 1093/95/39 1095/95/40 1096/95/40 1094/95/39
f 1095/95/40 1097/95/41 1098/95/41 1096/95/40
f 1097/95/41 1099/95/42 1100/95/42 1098/95/41
f 1099/95/42 1085/95/35 1088/95/35 1100/95/42
f 1099/95/1 1097/95/1 1095/95/1 1093/95/1 1091/95/1 1089/95/1 1086/95/1 1085/95/1
f 1101/12/27 1102/12/28 1103/12/28 1104/12/27
f 1102/12/28 1105/12/29 1106/12/29 1103/12/28
f 1105/12/29 1107/12/30 1108/12/30 1106/12/29
f 1107/12/30 1109/12/31 1110/12/31 1108/12/30
f 1109/12/31 1111/12/32 1112/12/32 1110/12/31
f 1111/12/32 1113/12/33 1114/12/33 1112/12/32
f 1113/12/33 1115/12/34 1116/12/34 1114/12/33
f 1115/12/34 1101/12/27 1104/12/27 1116/12/34
f 1117/95/43 1118/95/44 1119/95/44 1120/95/43
f 1118/95/44 1121/95/45 1122/95/45 1119/95/44
f 1121/95/45 1123/95/46 1124/95/46 1122/95/45
f 1123/95/46 1125/95/47 1126/95/47 1124/95/46
f 1125/95/47 1127/95/48 1128/95/48 1126/95/47
f 1127/95/48 1129/95/49 1130/95/49 1128/95/48
f 1129/95/49 1131/95/50 1132/95/50 1130/95/49
f 1131/95/50 1117/95/43 1120/95/43 1132/95/50
f 1131/95/1 1129/95/1 1127/95/1 1125/95/1 1123/95/1 1121/95/1 1118/95/1 1117/95/1
f 1120/95/6 1119/95/6 1122/95/6 1124/95/6 1126/95/6 1128/95/6 1130/95/6 1132/95/6
f 1133/96/1 1134/96/51 1135/96/52
f 1133/96/1 1136/96/53 1134/96/51
f 1133/96/1 1137/96/54 1136/96/53
f 1133/96/1 1138/96/55 1137/96/54
f 1133/96/1 1139/96/56 1138/96/55
f 1133/96/1 1140/96/57 1139/96/56
f 1133/96/1 1141/96/58 1140/96/57
f 1133/96/1 1142/96/59 1141/96/58
f 1133/96/1 1143/96/60 1142/96/59
f 1133/96/1 1135/96/52 1143/96/60
f 1135/96/52 1134/96/51 1144/96/61 1145/96/62
f 1134/96/51 1136/96/53 1146/96/63 1144/96/61
f 1136/96/53 1137/96/54 1147/96/64 1146/96/63
f 1137/96/54 1138/96/55 1148/96/65 1147/96/64
f 1138/96/55 1139/96/56 1149/96/66 1148/96/65
f 1139/96/56 1140/96/57 1150/96/67 1149/96/66
f 1140/96/57 1141/96/58 1151/96/68 1150/96/67
f 1141/96/58 1142/96/59 1152/96/69 1151/96/68
f 1142/96/59 1143/96/60 1153/96/70 1152/96/69
f 1143/96/60 1135/96/52 1145/96/62 1153/96/70
f 1145/96/62 1144/96/61 1154/96/71 1155/96/72
f 1144/96/61 1146/96/63 1156/96/73 1154/96/71
f 1146/96/63 1147/96/64 1157/96/74 1156/96/73
f 1147/96/64 1148/96/65 1158/96/75 1157/96/74
f 1148/96/65 1149/96/66 1159/96/76 1158/96/75
f 1149/96/66 1150/96/67 1160/96/77 1159/96/76
f 1150/96/67 1151/96/68 1161/96/78 1160/96/77
f 1151/96/68 1152/96/69 1162/96/79 1161/96/78
f 1152/96/69 1153/96/70 1163/96/80 1162/96/79
f 1153/96/70 1145/96/62 1155/96/72 1163/96/80
f 1155/96/72 1154/96/71 1164/96/81 1165/96/82
f 1154/96/71 1156/96/73 1166/96/83 1164/96/81
f 1156/96/73 1157/96/74 1167/96/84 1166/96/83
f 1157/96/74 1158/96/75 1168/96/85 1167/96/84
f 1158/96/75 1159/96/76 1169/96/86 1168/96/85
f 1159/96/76 1160/96/77 1170/96/87 1169/96/86
f 1160/96/77 1161/96/78 1171/96/88 1170/96/87
f 1161/96/78 1162/96/79 1172/96/89 1171/96/88
f 1162/96/79 1163/96/80 1173/96/90 1172/96/89
f 1163/96/80 1155/96/72 1165/96/82 1173/96/90
f 1165/96/82 1164/96/81 1174/96/91 1175/96/92
f 1164/96/81 1166/96/83 1176/96/93 1174/96/91
f 1166/96/83 1167/96/84 1177/96/94 1176/96/93
f 1167/96/84 1168/96/85 1178/96/95 1177/96/94
f 1168/96/85 1169/96/86 1179/96/96 1178/96/95
f 1169/96/86 1170/96/87 1180/96/97 1179/96/96
f 1170/96/87 1171/96/88 1181/96/98 1180/96/97
f 1171/96/88 1172/96/89 1182/96/99 1181/96/98
f 1172/96/89 1173/96/90 1183/96/100 1182/96/99
f 1173/96/90 1165/96/82 1175/96/92 1183/96/100
f 1175/96/92 1174/96/91 1184/96/101 1185/96/102
f 1174/96/91 1176/96/93 1186/96/103 1184/96/101
f 1176/96/93 1177/96/94 1187/96/104 1186/96/103
f 1177/96/94 1178/96/95 1188/96/105 1187/96/104
f 1178/96/95 1179/96/96 1189/96/106 1188/96/105
f 1179/96/96 1180/96/97 1190/96/107 1189/96/106
f 1180/96/97 1181/96/98 1191/96/108 1190/96/107
f 1181/96/98 1182/96/99 1192/96/109 1191/96/108
f 1182/96/99 1183/96/100 1193/96/110 1192/96/109
f 1183/96/100 1175/96/92 1185/96/102 1193/96/110
f 1185/96/102 1184/96/101 1194/96/6
f 1184/96/101 1186/96/103 1194/96/6
f 1186/96/103 1187/96/104 1194/96/6
f 1187/96/104 1188/96/105 1194/96/6
f 1188/96/105 1189/96/106 1194/96/6
f 1189/96/106 1190/96/107 1194/96/6
f 1190/96/107 1191/96/108 1194/96/6
f 1191/96/108 1192/96/109 1194/96/6
f 1192/96/109 1193/96/110 1194/96/6
f 1193/96/110 1185/96/102 1194/96/6
f 1195/12/111 1196/12/112 1197/12/112 1198/12/111
f 1196/12/112 1199/12/113 1200/12/113 1197/12/112
f 1199/12/113 1201/12/114 1202/12/114 1200/12/113
f 1201/12/114 1203/12/115 1204/12/115 1202/12/114
f 1203/12/115 1205/12/116 1206/12/116 1204/12/115
f 1205/12/116 1207/12/117 1208/12/117 1206/12/116
f 1207/12/117 1209/12/118 1210/12/118 1208/12/117
f 1209/12/118 1195/12/111 1198/12/111 1210/12/118
f 1209/12/1 1207/12/1 1205/12/1 1203/12/1 1201/12/1 1199/12/1 1196/12/1 1195/12/1
f 1198/12/6 1197/12/6 1200/12/6 1202/12/6 1204/12/6 1206/12/6 1208/12/6 1210/12/6
f 1211/12/119 1212/12/120 1213/12/121
f 1211/12/122 1214/12/123 1212/12/120
f 1211/12/124 1215/12/125 1214/12/123
f 1211/12/126 1216/12/127 1215/12/125
f 1211/12/128 1217/12/129 1216/12/127
f 1211/12/130 1213/12/121 1217/12/129
o SM_StreetLamp_Karsi_1
g SM_StreetLamp_Karsi_1
usemtl MI_Palette
f 1218/12/27 1219/12/28 1220/12/28 1221/12/27
f 1219/12/28 1222/12/29 1223/12/29 1220/12/28
f 1222/12/29 1224/12/30 1225/12/30 1223/12/29
f 1224/12/30 1226/12/31 1227/12/31 1225/12/30
f 1226/12/31 1228/12/32 1229/12/32 1227/12/31
f 1228/12/32 1230/12/33 1231/12/33 1229/12/32
f 1230/12/33 1232/12/34 1233/12/34 1231/12/33
f 1232/12/34 1218/12/27 1221/12/27 1233/12/34
f 1232/12/1 1230/12/1 1228/12/1 1226/12/1 1224/12/1 1222/12/1 1219/12/1 1218/12/1
f 1234/95/35 1235/95/36 1236/95/36 1237/95/35
f 1235/95/36 1238/95/37 1239/95/37 1236/95/36
f 1238/95/37 1240/95/38 1241/95/38 1239/95/37
f 1240/95/38 1242/95/39 1243/95/39 1241/95/38
f 1242/95/39 1244/95/40 1245/95/40 1243/95/39
f 1244/95/40 1246/95/41 1247/95/41 1245/95/40
f 1246/95/41 1248/95/42 1249/95/42 1247/95/41
f 1248/95/42 1234/95/35 1237/95/35 1249/95/42
f 1248/95/1 1246/95/1 1244/95/1 1242/95/1 1240/95/1 1238/95/1 1235/95/1 1234/95/1
f 1250/12/27 1251/12/28 1252/12/28 1253/12/27
f 1251/12/28 1254/12/29 1255/12/29 1252/12/28
f 1254/12/29 1256/12/30 1257/12/30 1255/12/29
f 1256/12/30 1258/12/31 1259/12/31 1257/12/30
f 1258/12/31 1260/12/32 1261/12/32 1259/12/31
f 1260/12/32 1262/12/33 1263/12/33 1261/12/32
f 1262/12/33 1264/12/34 1265/12/34 1263/12/33
f 1264/12/34 1250/12/27 1253/12/27 1265/12/34
f 1266/95/43 1267/95/44 1268/95/44 1269/95/43
f 1267/95/44 1270/95/45 1271/95/45 1268/95/44
f 1270/95/45 1272/95/46 1273/95/46 1271/95/45
f 1272/95/46 1274/95/47 1275/95/47 1273/95/46
f 1274/95/47 1276/95/48 1277/95/48 1275/95/47
f 1276/95/48 1278/95/49 1279/95/49 1277/95/48
f 1278/95/49 1280/95/50 1281/95/50 1279/95/49
f 1280/95/50 1266/95/43 1269/95/43 1281/95/50
f 1280/95/1 1278/95/1 1276/95/1 1274/95/1 1272/95/1 1270/95/1 1267/95/1 1266/95/1
f 1269/95/6 1268/95/6 1271/95/6 1273/95/6 1275/95/6 1277/95/6 1279/95/6 1281/95/6
f 1282/96/1 1283/96/51 1284/96/52
f 1282/96/1 1285/96/53 1283/96/51
f 1282/96/1 1286/96/54 1285/96/53
f 1282/96/1 1287/96/55 1286/96/54
f 1282/96/1 1288/96/56 1287/96/55
f 1282/96/1 1289/96/57 1288/96/56
f 1282/96/1 1290/96/58 1289/96/57
f 1282/96/1 1291/96/59 1290/96/58
f 1282/96/1 1292/96/60 1291/96/59
f 1282/96/1 1284/96/52 1292/96/60
f 1284/96/52 1283/96/51 1293/96/61 1294/96/62
f 1283/96/51 1285/96/53 1295/96/63 1293/96/61
f 1285/96/53 1286/96/54 1296/96/64 1295/96/63
f 1286/96/54 1287/96/55 1297/96/65 1296/96/64
f 1287/96/55 1288/96/56 1298/96/66 1297/96/65
f 1288/96/56 1289/96/57 1299/96/67 1298/96/66
f 1289/96/57 1290/96/58 1300/96/68 1299/96/67
f 1290/96/58 1291/96/59 1301/96/69 1300/96/68
f 1291/96/59 1292/96/60 1302/96/70 1301/96/69
f 1292/96/60 1284/96/52 1294/96/62 1302/96/70
f 1294/96/62 1293/96/61 1303/96/71 1304/96/72
f 1293/96/61 1295/96/63 1305/96/73 1303/96/71
f 1295/96/63 1296/96/64 1306/96/74 1305/96/73
f 1296/96/64 1297/96/65 1307/96/75 1306/96/74
f 1297/96/65 1298/96/66 1308/96/76 1307/96/75
f 1298/96/66 1299/96/67 1309/96/77 1308/96/76
f 1299/96/67 1300/96/68 1310/96/78 1309/96/77
f 1300/96/68 1301/96/69 1311/96/79 1310/96/78
f 1301/96/69 1302/96/70 1312/96/80 1311/96/79
f 1302/96/70 1294/96/62 1304/96/72 1312/96/80
f 1304/96/72 1303/96/71 1313/96/81 1314/96/82
f 1303/96/71 1305/96/73 1315/96/83 1313/96/81
f 1305/96/73 1306/96/74 1316/96/84 1315/96/83
f 1306/96/74 1307/96/75 1317/96/85 1316/96/84
f 1307/96/75 1308/96/76 1318/96/86 1317/96/85
f 1308/96/76 1309/96/77 1319/96/87 1318/96/86
f 1309/96/77 1310/96/78 1320/96/88 1319/96/87
f 1310/96/78 1311/96/79 1321/96/89 1320/96/88
f 1311/96/79 1312/96/80 1322/96/90 1321/96/89
f 1312/96/80 1304/96/72 1314/96/82 1322/96/90
f 1314/96/82 1313/96/81 1323/96/91 1324/96/92
f 1313/96/81 1315/96/83 1325/96/93 1323/96/91
f 1315/96/83 1316/96/84 1326/96/94 1325/96/93
f 1316/96/84 1317/96/85 1327/96/95 1326/96/94
f 1317/96/85 1318/96/86 1328/96/96 1327/96/95
f 1318/96/86 1319/96/87 1329/96/97 1328/96/96
f 1319/96/87 1320/96/88 1330/96/98 1329/96/97
f 1320/96/88 1321/96/89 1331/96/99 1330/96/98
f 1321/96/89 1322/96/90 1332/96/100 1331/96/99
f 1322/96/90 1314/96/82 1324/96/92 1332/96/100
f 1324/96/92 1323/96/91 1333/96/101 1334/96/102
f 1323/96/91 1325/96/93 1335/96/103 1333/96/101
f 1325/96/93 1326/96/94 1336/96/104 1335/96/103
f 1326/96/94 1327/96/95 1337/96/105 1336/96/104
f 1327/96/95 1328/96/96 1338/96/106 1337/96/105
f 1328/96/96 1329/96/97 1339/96/107 1338/96/106
f 1329/96/97 1330/96/98 1340/96/108 1339/96/107
f 1330/96/98 1331/96/99 1341/96/109 1340/96/108
f 1331/96/99 1332/96/100 1342/96/110 1341/96/109
f 1332/96/100 1324/96/92 1334/96/102 1342/96/110
f 1334/96/102 1333/96/101 1343/96/6
f 1333/96/101 1335/96/103 1343/96/6
f 1335/96/103 1336/96/104 1343/96/6
f 1336/96/104 1337/96/105 1343/96/6
f 1337/96/105 1338/96/106 1343/96/6
f 1338/96/106 1339/96/107 1343/96/6
f 1339/96/107 1340/96/108 1343/96/6
f 1340/96/108 1341/96/109 1343/96/6
f 1341/96/109 1342/96/110 1343/96/6
f 1342/96/110 1334/96/102 1343/96/6
f 1344/12/111 1345/12/112 1346/12/112 1347/12/111
f 1345/12/112 1348/12/113 1349/12/113 1346/12/112
f 1348/12/113 1350/12/114 1351/12/114 1349/12/113
f 1350/12/114 1352/12/115 1353/12/115 1351/12/114
f 1352/12/115 1354/12/116 1355/12/116 1353/12/115
f 1354/12/116 1356/12/117 1357/12/117 1355/12/116
f 1356/12/117 1358/12/118 1359/12/118 1357/12/117
f 1358/12/118 1344/12/111 1347/12/111 1359/12/118
f 1358/12/1 1356/12/1 1354/12/1 1352/12/1 1350/12/1 1348/12/1 1345/12/1 1344/12/1
f 1347/12/6 1346/12/6 1349/12/6 1351/12/6 1353/12/6 1355/12/6 1357/12/6 1359/12/6
f 1360/12/119 1361/12/120 1362/12/121
f 1360/12/122 1363/12/123 1361/12/120
f 1360/12/124 1364/12/125 1363/12/123
f 1360/12/126 1365/12/127 1364/12/125
f 1360/12/128 1366/12/129 1365/12/127
f 1360/12/130 1362/12/121 1366/12/129
o SM_StreetLamp_Karsi_2
g SM_StreetLamp_Karsi_2
usemtl MI_Palette
f 1367/12/27 1368/12/28 1369/12/28 1370/12/27
f 1368/12/28 1371/12/29 1372/12/29 1369/12/28
f 1371/12/29 1373/12/30 1374/12/30 1372/12/29
f 1373/12/30 1375/12/31 1376/12/31 1374/12/30
f 1375/12/31 1377/12/32 1378/12/32 1376/12/31
f 1377/12/32 1379/12/33 1380/12/33 1378/12/32
f 1379/12/33 1381/12/34 1382/12/34 1380/12/33
f 1381/12/34 1367/12/27 1370/12/27 1382/12/34
f 1381/12/1 1379/12/1 1377/12/1 1375/12/1 1373/12/1 1371/12/1 1368/12/1 1367/12/1
f 1383/95/35 1384/95/36 1385/95/36 1386/95/35
f 1384/95/36 1387/95/37 1388/95/37 1385/95/36
f 1387/95/37 1389/95/38 1390/95/38 1388/95/37
f 1389/95/38 1391/95/39 1392/95/39 1390/95/38
f 1391/95/39 1393/95/40 1394/95/40 1392/95/39
f 1393/95/40 1395/95/41 1396/95/41 1394/95/40
f 1395/95/41 1397/95/42 1398/95/42 1396/95/41
f 1397/95/42 1383/95/35 1386/95/35 1398/95/42
f 1397/95/1 1395/95/1 1393/95/1 1391/95/1 1389/95/1 1387/95/1 1384/95/1 1383/95/1
f 1399/12/27 1400/12/28 1401/12/28 1402/12/27
f 1400/12/28 1403/12/29 1404/12/29 1401/12/28
f 1403/12/29 1405/12/30 1406/12/30 1404/12/29
f 1405/12/30 1407/12/31 1408/12/31 1406/12/30
f 1407/12/31 1409/12/32 1410/12/32 1408/12/31
f 1409/12/32 1411/12/33 1412/12/33 1410/12/32
f 1411/12/33 1413/12/34 1414/12/34 1412/12/33
f 1413/12/34 1399/12/27 1402/12/27 1414/12/34
f 1415/95/43 1416/95/44 1417/95/44 1418/95/43
f 1416/95/44 1419/95/45 1420/95/45 1417/95/44
f 1419/95/45 1421/95/46 1422/95/46 1420/95/45
f 1421/95/46 1423/95/47 1424/95/47 1422/95/46
f 1423/95/47 1425/95/48 1426/95/48 1424/95/47
f 1425/95/48 1427/95/49 1428/95/49 1426/95/48
f 1427/95/49 1429/95/50 1430/95/50 1428/95/49
f 1429/95/50 1415/95/43 1418/95/43 1430/95/50
f 1429/95/1 1427/95/1 1425/95/1 1423/95/1 1421/95/1 1419/95/1 1416/95/1 1415/95/1
f 1418/95/6 1417/95/6 1420/95/6 1422/95/6 1424/95/6 1426/95/6 1428/95/6 1430/95/6
f 1431/96/1 1432/96/51 1433/96/52
f 1431/96/1 1434/96/53 1432/96/51
f 1431/96/1 1435/96/54 1434/96/53
f 1431/96/1 1436/96/55 1435/96/54
f 1431/96/1 1437/96/56 1436/96/55
f 1431/96/1 1438/96/57 1437/96/56
f 1431/96/1 1439/96/58 1438/96/57
f 1431/96/1 1440/96/59 1439/96/58
f 1431/96/1 1441/96/60 1440/96/59
f 1431/96/1 1433/96/52 1441/96/60
f 1433/96/52 1432/96/51 1442/96/61 1443/96/62
f 1432/96/51 1434/96/53 1444/96/63 1442/96/61
f 1434/96/53 1435/96/54 1445/96/64 1444/96/63
f 1435/96/54 1436/96/55 1446/96/65 1445/96/64
f 1436/96/55 1437/96/56 1447/96/66 1446/96/65
f 1437/96/56 1438/96/57 1448/96/67 1447/96/66
f 1438/96/57 1439/96/58 1449/96/68 1448/96/67
f 1439/96/58 1440/96/59 1450/96/69 1449/96/68
f 1440/96/59 1441/96/60 1451/96/70 1450/96/69
f 1441/96/60 1433/96/52 1443/96/62 1451/96/70
f 1443/96/62 1442/96/61 1452/96/71 1453/96/72
f 1442/96/61 1444/96/63 1454/96/73 1452/96/71
f 1444/96/63 1445/96/64 1455/96/74 1454/96/73
f 1445/96/64 1446/96/65 1456/96/75 1455/96/74
f 1446/96/65 1447/96/66 1457/96/76 1456/96/75
f 1447/96/66 1448/96/67 1458/96/77 1457/96/76
f 1448/96/67 1449/96/68 1459/96/78 1458/96/77
f 1449/96/68 1450/96/69 1460/96/79 1459/96/78
f 1450/96/69 1451/96/70 1461/96/80 1460/96/79
f 1451/96/70 1443/96/62 1453/96/72 1461/96/80
f 1453/96/72 1452/96/71 1462/96/81 1463/96/82
f 1452/96/71 1454/96/73 1464/96/83 1462/96/81
f 1454/96/73 1455/96/74 1465/96/84 1464/96/83
f 1455/96/74 1456/96/75 1466/96/85 1465/96/84
f 1456/96/75 1457/96/76 1467/96/86 1466/96/85
f 1457/96/76 1458/96/77 1468/96/87 1467/96/86
f 1458/96/77 1459/96/78 1469/96/88 1468/96/87
f 1459/96/78 1460/96/79 1470/96/89 1469/96/88
f 1460/96/79 1461/96/80 1471/96/90 1470/96/89
f 1461/96/80 1453/96/72 1463/96/82 1471/96/90
f 1463/96/82 1462/96/81 1472/96/91 1473/96/92
f 1462/96/81 1464/96/83 1474/96/93 1472/96/91
f 1464/96/83 1465/96/84 1475/96/94 1474/96/93
f 1465/96/84 1466/96/85 1476/96/95 1475/96/94
f 1466/96/85 1467/96/86 1477/96/96 1476/96/95
f 1467/96/86 1468/96/87 1478/96/97 1477/96/96
f 1468/96/87 1469/96/88 1479/96/98 1478/96/97
f 1469/96/88 1470/96/89 1480/96/99 1479/96/98
f 1470/96/89 1471/96/90 1481/96/100 1480/96/99
f 1471/96/90 1463/96/82 1473/96/92 1481/96/100
f 1473/96/92 1472/96/91 1482/96/101 1483/96/102
f 1472/96/91 1474/96/93 1484/96/103 1482/96/101
f 1474/96/93 1475/96/94 1485/96/104 1484/96/103
f 1475/96/94 1476/96/95 1486/96/105 1485/96/104
f 1476/96/95 1477/96/96 1487/96/106 1486/96/105
f 1477/96/96 1478/96/97 1488/96/107 1487/96/106
f 1478/96/97 1479/96/98 1489/96/108 1488/96/107
f 1479/96/98 1480/96/99 1490/96/109 1489/96/108
f 1480/96/99 1481/96/100 1491/96/110 1490/96/109
f 1481/96/100 1473/96/92 1483/96/102 1491/96/110
f 1483/96/102 1482/96/101 1492/96/6
f 1482/96/101 1484/96/103 1492/96/6
f 1484/96/103 1485/96/104 1492/96/6
f 1485/96/104 1486/96/105 1492/96/6
f 1486/96/105 1487/96/106 1492/96/6
f 1487/96/106 1488/96/107 1492/96/6
f 1488/96/107 1489/96/108 1492/96/6
f 1489/96/108 1490/96/109 1492/96/6
f 1490/96/109 1491/96/110 1492/96/6
f 1491/96/110 1483/96/102 1492/96/6
f 1493/12/111 1494/12/112 1495/12/112 1496/12/111
f 1494/12/112 1497/12/113 1498/12/113 1495/12/112
f 1497/12/113 1499/12/114 1500/12/114 1498/12/113
f 1499/12/114 1501/12/115 1502/12/115 1500/12/114
f 1501/12/115 1503/12/116 1504/12/116 1502/12/115
f 1503/12/116 1505/12/117 1506/12/117 1504/12/116
f 1505/12/117 1507/12/118 1508/12/118 1506/12/117
f 1507/12/118 1493/12/111 1496/12/111 1508/12/118
f 1507/12/1 1505/12/1 1503/12/1 1501/12/1 1499/12/1 1497/12/1 1494/12/1 1493/12/1
f 1496/12/6 1495/12/6 1498/12/6 1500/12/6 1502/12/6 1504/12/6 1506/12/6 1508/12/6
f 1509/12/119 1510/12/120 1511/12/121
f 1509/12/122 1512/12/123 1510/12/120
f 1509/12/124 1513/12/125 1512/12/123
f 1509/12/126 1514/12/127 1513/12/125
f 1509/12/128 1515/12/129 1514/12/127
f 1509/12/130 1511/12/121 1515/12/129
o SM_StreetLamp_Karsi_3
g SM_StreetLamp_Karsi_3
usemtl MI_Palette
f 1516/12/27 1517/12/28 1518/12/28 1519/12/27
f 1517/12/28 1520/12/29 1521/12/29 1518/12/28
f 1520/12/29 1522/12/30 1523/12/30 1521/12/29
f 1522/12/30 1524/12/31 1525/12/31 1523/12/30
f 1524/12/31 1526/12/32 1527/12/32 1525/12/31
f 1526/12/32 1528/12/33 1529/12/33 1527/12/32
f 1528/12/33 1530/12/34 1531/12/34 1529/12/33
f 1530/12/34 1516/12/27 1519/12/27 1531/12/34
f 1530/12/1 1528/12/1 1526/12/1 1524/12/1 1522/12/1 1520/12/1 1517/12/1 1516/12/1
f 1532/95/35 1533/95/36 1534/95/36 1535/95/35
f 1533/95/36 1536/95/37 1537/95/37 1534/95/36
f 1536/95/37 1538/95/38 1539/95/38 1537/95/37
f 1538/95/38 1540/95/39 1541/95/39 1539/95/38
f 1540/95/39 1542/95/40 1543/95/40 1541/95/39
f 1542/95/40 1544/95/41 1545/95/41 1543/95/40
f 1544/95/41 1546/95/42 1547/95/42 1545/95/41
f 1546/95/42 1532/95/35 1535/95/35 1547/95/42
f 1546/95/1 1544/95/1 1542/95/1 1540/95/1 1538/95/1 1536/95/1 1533/95/1 1532/95/1
f 1548/12/27 1549/12/28 1550/12/28 1551/12/27
f 1549/12/28 1552/12/29 1553/12/29 1550/12/28
f 1552/12/29 1554/12/30 1555/12/30 1553/12/29
f 1554/12/30 1556/12/31 1557/12/31 1555/12/30
f 1556/12/31 1558/12/32 1559/12/32 1557/12/31
f 1558/12/32 1560/12/33 1561/12/33 1559/12/32
f 1560/12/33 1562/12/34 1563/12/34 1561/12/33
f 1562/12/34 1548/12/27 1551/12/27 1563/12/34
f 1564/95/43 1565/95/44 1566/95/44 1567/95/43
f 1565/95/44 1568/95/45 1569/95/45 1566/95/44
f 1568/95/45 1570/95/46 1571/95/46 1569/95/45
f 1570/95/46 1572/95/47 1573/95/47 1571/95/46
f 1572/95/47 1574/95/48 1575/95/48 1573/95/47
f 1574/95/48 1576/95/49 1577/95/49 1575/95/48
f 1576/95/49 1578/95/50 1579/95/50 1577/95/49
f 1578/95/50 1564/95/43 1567/95/43 1579/95/50
f 1578/95/1 1576/95/1 1574/95/1 1572/95/1 1570/95/1 1568/95/1 1565/95/1 1564/95/1
f 1567/95/6 1566/95/6 1569/95/6 1571/95/6 1573/95/6 1575/95/6 1577/95/6 1579/95/6
f 1580/96/1 1581/96/51 1582/96/52
f 1580/96/1 1583/96/53 1581/96/51
f 1580/96/1 1584/96/54 1583/96/53
f 1580/96/1 1585/96/55 1584/96/54
f 1580/96/1 1586/96/56 1585/96/55
f 1580/96/1 1587/96/57 1586/96/56
f 1580/96/1 1588/96/58 1587/96/57
f 1580/96/1 1589/96/59 1588/96/58
f 1580/96/1 1590/96/60 1589/96/59
f 1580/96/1 1582/96/52 1590/96/60
f 1582/96/52 1581/96/51 1591/96/61 1592/96/62
f 1581/96/51 1583/96/53 1593/96/63 1591/96/61
f 1583/96/53 1584/96/54 1594/96/64 1593/96/63
f 1584/96/54 1585/96/55 1595/96/65 1594/96/64
f 1585/96/55 1586/96/56 1596/96/66 1595/96/65
f 1586/96/56 1587/96/57 1597/96/67 1596/96/66
f 1587/96/57 1588/96/58 1598/96/68 1597/96/67
f 1588/96/58 1589/96/59 1599/96/69 1598/96/68
f 1589/96/59 1590/96/60 1600/96/70 1599/96/69
f 1590/96/60 1582/96/52 1592/96/62 1600/96/70
f 1592/96/62 1591/96/61 1601/96/71 1602/96/72
f 1591/96/61 1593/96/63 1603/96/73 1601/96/71
f 1593/96/63 1594/96/64 1604/96/74 1603/96/73
f 1594/96/64 1595/96/65 1605/96/75 1604/96/74
f 1595/96/65 1596/96/66 1606/96/76 1605/96/75
f 1596/96/66 1597/96/67 1607/96/77 1606/96/76
f 1597/96/67 1598/96/68 1608/96/78 1607/96/77
f 1598/96/68 1599/96/69 1609/96/79 1608/96/78
f 1599/96/69 1600/96/70 1610/96/80 1609/96/79
f 1600/96/70 1592/96/62 1602/96/72 1610/96/80
f 1602/96/72 1601/96/71 1611/96/81 1612/96/82
f 1601/96/71 1603/96/73 1613/96/83 1611/96/81
f 1603/96/73 1604/96/74 1614/96/84 1613/96/83
f 1604/96/74 1605/96/75 1615/96/85 1614/96/84
f 1605/96/75 1606/96/76 1616/96/86 1615/96/85
f 1606/96/76 1607/96/77 1617/96/87 1616/96/86
f 1607/96/77 1608/96/78 1618/96/88 1617/96/87
f 1608/96/78 1609/96/79 1619/96/89 1618/96/88
f 1609/96/79 1610/96/80 1620/96/90 1619/96/89
f 1610/96/80 1602/96/72 1612/96/82 1620/96/90
f 1612/96/82 1611/96/81 1621/96/91 1622/96/92
f 1611/96/81 1613/96/83 1623/96/93 1621/96/91
f 1613/96/83 1614/96/84 1624/96/94 1623/96/93
f 1614/96/84 1615/96/85 1625/96/95 1624/96/94
f 1615/96/85 1616/96/86 1626/96/96 1625/96/95
f 1616/96/86 1617/96/87 1627/96/97 1626/96/96
f 1617/96/87 1618/96/88 1628/96/98 1627/96/97
f 1618/96/88 1619/96/89 1629/96/99 1628/96/98
f 1619/96/89 1620/96/90 1630/96/100 1629/96/99
f 1620/96/90 1612/96/82 1622/96/92 1630/96/100
f 1622/96/92 1621/96/91 1631/96/101 1632/96/102
f 1621/96/91 1623/96/93 1633/96/103 1631/96/101
f 1623/96/93 1624/96/94 1634/96/104 1633/96/103
f 1624/96/94 1625/96/95 1635/96/105 1634/96/104
f 1625/96/95 1626/96/96 1636/96/106 1635/96/105
f 1626/96/96 1627/96/97 1637/96/107 1636/96/106
f 1627/96/97 1628/96/98 1638/96/108 1637/96/107
f 1628/96/98 1629/96/99 1639/96/109 1638/96/108
f 1629/96/99 1630/96/100 1640/96/110 1639/96/109
f 1630/96/100 1622/96/92 1632/96/102 1640/96/110
f 1632/96/102 1631/96/101 1641/96/6
f 1631/96/101 1633/96/103 1641/96/6
f 1633/96/103 1634/96/104 1641/96/6
f 1634/96/104 1635/96/105 1641/96/6
f 1635/96/105 1636/96/106 1641/96/6
f 1636/96/106 1637/96/107 1641/96/6
f 1637/96/107 1638/96/108 1641/96/6
f 1638/96/108 1639/96/109 1641/96/6
f 1639/96/109 1640/96/110 1641/96/6
f 1640/96/110 1632/96/102 1641/96/6
f 1642/12/111 1643/12/112 1644/12/112 1645/12/111
f 1643/12/112 1646/12/113 1647/12/113 1644/12/112
f 1646/12/113 1648/12/114 1649/12/114 1647/12/113
f 1648/12/114 1650/12/115 1651/12/115 1649/12/114
f 1650/12/115 1652/12/116 1653/12/116 1651/12/115
f 1652/12/116 1654/12/117 1655/12/117 1653/12/116
f 1654/12/117 1656/12/118 1657/12/118 1655/12/117
f 1656/12/118 1642/12/111 1645/12/111 1657/12/118
f 1656/12/1 1654/12/1 1652/12/1 1650/12/1 1648/12/1 1646/12/1 1643/12/1 1642/12/1
f 1645/12/6 1644/12/6 1647/12/6 1649/12/6 1651/12/6 1653/12/6 1655/12/6 1657/12/6
f 1658/12/119 1659/12/120 1660/12/121
f 1658/12/122 1661/12/123 1659/12/120
f 1658/12/124 1662/12/125 1661/12/123
f 1658/12/126 1663/12/127 1662/12/125
f 1658/12/128 1664/12/129 1663/12/127
f 1658/12/130 1660/12/121 1664/12/129
o SM_StreetLamp_Karsi_4
g SM_StreetLamp_Karsi_4
usemtl MI_Palette
f 1665/12/27 1666/12/28 1667/12/28 1668/12/27
f 1666/12/28 1669/12/29 1670/12/29 1667/12/28
f 1669/12/29 1671/12/30 1672/12/30 1670/12/29
f 1671/12/30 1673/12/31 1674/12/31 1672/12/30
f 1673/12/31 1675/12/32 1676/12/32 1674/12/31
f 1675/12/32 1677/12/33 1678/12/33 1676/12/32
f 1677/12/33 1679/12/34 1680/12/34 1678/12/33
f 1679/12/34 1665/12/27 1668/12/27 1680/12/34
f 1679/12/1 1677/12/1 1675/12/1 1673/12/1 1671/12/1 1669/12/1 1666/12/1 1665/12/1
f 1681/95/35 1682/95/36 1683/95/36 1684/95/35
f 1682/95/36 1685/95/37 1686/95/37 1683/95/36
f 1685/95/37 1687/95/38 1688/95/38 1686/95/37
f 1687/95/38 1689/95/39 1690/95/39 1688/95/38
f 1689/95/39 1691/95/40 1692/95/40 1690/95/39
f 1691/95/40 1693/95/41 1694/95/41 1692/95/40
f 1693/95/41 1695/95/42 1696/95/42 1694/95/41
f 1695/95/42 1681/95/35 1684/95/35 1696/95/42
f 1695/95/1 1693/95/1 1691/95/1 1689/95/1 1687/95/1 1685/95/1 1682/95/1 1681/95/1
f 1697/12/27 1698/12/28 1699/12/28 1700/12/27
f 1698/12/28 1701/12/29 1702/12/29 1699/12/28
f 1701/12/29 1703/12/30 1704/12/30 1702/12/29
f 1703/12/30 1705/12/31 1706/12/31 1704/12/30
f 1705/12/31 1707/12/32 1708/12/32 1706/12/31
f 1707/12/32 1709/12/33 1710/12/33 1708/12/32
f 1709/12/33 1711/12/34 1712/12/34 1710/12/33
f 1711/12/34 1697/12/27 1700/12/27 1712/12/34
f 1713/95/43 1714/95/44 1715/95/44 1716/95/43
f 1714/95/44 1717/95/45 1718/95/45 1715/95/44
f 1717/95/45 1719/95/46 1720/95/46 1718/95/45
f 1719/95/46 1721/95/47 1722/95/47 1720/95/46
f 1721/95/47 1723/95/48 1724/95/48 1722/95/47
f 1723/95/48 1725/95/49 1726/95/49 1724/95/48
f 1725/95/49 1727/95/50 1728/95/50 1726/95/49
f 1727/95/50 1713/95/43 1716/95/43 1728/95/50
f 1727/95/1 1725/95/1 1723/95/1 1721/95/1 1719/95/1 1717/95/1 1714/95/1 1713/95/1
f 1716/95/6 1715/95/6 1718/95/6 1720/95/6 1722/95/6 1724/95/6 1726/95/6 1728/95/6
f 1729/96/1 1730/96/51 1731/96/52
f 1729/96/1 1732/96/53 1730/96/51
f 1729/96/1 1733/96/54 1732/96/53
f 1729/96/1 1734/96/55 1733/96/54
f 1729/96/1 1735/96/56 1734/96/55
f 1729/96/1 1736/96/57 1735/96/56
f 1729/96/1 1737/96/58 1736/96/57
f 1729/96/1 1738/96/59 1737/96/58
f 1729/96/1 1739/96/60 1738/96/59
f 1729/96/1 1731/96/52 1739/96/60
f 1731/96/52 1730/96/51 1740/96/61 1741/96/62
f 1730/96/51 1732/96/53 1742/96/63 1740/96/61
f 1732/96/53 1733/96/54 1743/96/64 1742/96/63
f 1733/96/54 1734/96/55 1744/96/65 1743/96/64
f 1734/96/55 1735/96/56 1745/96/66 1744/96/65
f 1735/96/56 1736/96/57 1746/96/67 1745/96/66
f 1736/96/57 1737/96/58 1747/96/68 1746/96/67
f 1737/96/58 1738/96/59 1748/96/69 1747/96/68
f 1738/96/59 1739/96/60 1749/96/70 1748/96/69
f 1739/96/60 1731/96/52 1741/96/62 1749/96/70
f 1741/96/62 1740/96/61 1750/96/71 1751/96/72
f 1740/96/61 1742/96/63 1752/96/73 1750/96/71
f 1742/96/63 1743/96/64 1753/96/74 1752/96/73
f 1743/96/64 1744/96/65 1754/96/75 1753/96/74
f 1744/96/65 1745/96/66 1755/96/76 1754/96/75
f 1745/96/66 1746/96/67 1756/96/77 1755/96/76
f 1746/96/67 1747/96/68 1757/96/78 1756/96/77
f 1747/96/68 1748/96/69 1758/96/79 1757/96/78
f 1748/96/69 1749/96/70 1759/96/80 1758/96/79
f 1749/96/70 1741/96/62 1751/96/72 1759/96/80
f 1751/96/72 1750/96/71 1760/96/81 1761/96/82
f 1750/96/71 1752/96/73 1762/96/83 1760/96/81
f 1752/96/73 1753/96/74 1763/96/84 1762/96/83
f 1753/96/74 1754/96/75 1764/96/85 1763/96/84
f 1754/96/75 1755/96/76 1765/96/86 1764/96/85
f 1755/96/76 1756/96/77 1766/96/87 1765/96/86
f 1756/96/77 1757/96/78 1767/96/88 1766/96/87
f 1757/96/78 1758/96/79 1768/96/89 1767/96/88
f 1758/96/79 1759/96/80 1769/96/90 1768/96/89
f 1759/96/80 1751/96/72 1761/96/82 1769/96/90
f 1761/96/82 1760/96/81 1770/96/91 1771/96/92
f 1760/96/81 1762/96/83 1772/96/93 1770/96/91
f 1762/96/83 1763/96/84 1773/96/94 1772/96/93
f 1763/96/84 1764/96/85 1774/96/95 1773/96/94
f 1764/96/85 1765/96/86 1775/96/96 1774/96/95
f 1765/96/86 1766/96/87 1776/96/97 1775/96/96
f 1766/96/87 1767/96/88 1777/96/98 1776/96/97
f 1767/96/88 1768/96/89 1778/96/99 1777/96/98
f 1768/96/89 1769/96/90 1779/96/100 1778/96/99
f 1769/96/90 1761/96/82 1771/96/92 1779/96/100
f 1771/96/92 1770/96/91 1780/96/101 1781/96/102
f 1770/96/91 1772/96/93 1782/96/103 1780/96/101
f 1772/96/93 1773/96/94 1783/96/104 1782/96/103
f 1773/96/94 1774/96/95 1784/96/105 1783/96/104
f 1774/96/95 1775/96/96 1785/96/106 1784/96/105
f 1775/96/96 1776/96/97 1786/96/107 1785/96/106
f 1776/96/97 1777/96/98 1787/96/108 1786/96/107
f 1777/96/98 1778/96/99 1788/96/109 1787/96/108
f 1778/96/99 1779/96/100 1789/96/110 1788/96/109
f 1779/96/100 1771/96/92 1781/96/102 1789/96/110
f 1781/96/102 1780/96/101 1790/96/6
f 1780/96/101 1782/96/103 1790/96/6
f 1782/96/103 1783/96/104 1790/96/6
f 1783/96/104 1784/96/105 1790/96/6
f 1784/96/105 1785/96/106 1790/96/6
f 1785/96/106 1786/96/107 1790/96/6
f 1786/96/107 1787/96/108 1790/96/6
f 1787/96/108 1788/96/109 1790/96/6
f 1788/96/109 1789/96/110 1790/96/6
f 1789/96/110 1781/96/102 1790/96/6
f 1791/12/111 1792/12/112 1793/12/112 1794/12/111
f 1792/12/112 1795/12/113 1796/12/113 1793/12/112
f 1795/12/113 1797/12/114 1798/12/114 1796/12/113
f 1797/12/114 1799/12/115 1800/12/115 1798/12/114
f 1799/12/115 1801/12/116 1802/12/116 1800/12/115
f 1801/12/116 1803/12/117 1804/12/117 1802/12/116
f 1803/12/117 1805/12/118 1806/12/118 1804/12/117
f 1805/12/118 1791/12/111 1794/12/111 1806/12/118
f 1805/12/1 1803/12/1 1801/12/1 1799/12/1 1797/12/1 1795/12/1 1792/12/1 1791/12/1
f 1794/12/6 1793/12/6 1796/12/6 1798/12/6 1800/12/6 1802/12/6 1804/12/6 1806/12/6
f 1807/12/119 1808/12/120 1809/12/121
f 1807/12/122 1810/12/123 1808/12/120
f 1807/12/124 1811/12/125 1810/12/123
f 1807/12/126 1812/12/127 1811/12/125
f 1807/12/128 1813/12/129 1812/12/127
f 1807/12/130 1809/12/121 1813/12/129
o SM_Mailbox_1
g SM_Mailbox_1
usemtl MI_Palette
f 1814/12/2 1815/12/2 1816/12/2 1817/12/2
f 1818/12/3 1819/12/3 1820/12/3 1821/12/3
f 1817/12/4 1818/12/4 1821/12/4 1814/12/4
f 1815/12/5 1820/12/5 1819/12/5 1816/12/5
f 1822/12/2 1823/12/2 1824/12/2 1825/12/2
f 1826/12/3 1827/12/3 1828/12/3 1829/12/3
f 1825/12/4 1826/12/4 1829/12/4 1822/12/4
f 1823/12/5 1828/12/5 1827/12/5 1824/12/5
f 1830/12/2 1831/12/2 1832/12/2 1833/12/2
f 1834/12/3 1835/12/3 1836/12/3 1837/12/3
f 1833/12/4 1834/12/4 1837/12/4 1830/12/4
f 1831/12/5 1836/12/5 1835/12/5 1832/12/5
f 1838/12/2 1839/12/2 1840/12/2 1841/12/2
f 1842/12/3 1843/12/3 1844/12/3 1845/12/3
f 1841/12/4 1842/12/4 1845/12/4 1838/12/4
f 1839/12/5 1844/12/5 1843/12/5 1840/12/5
f 1846/29/2 1847/29/2 1848/29/2 1849/29/2
f 1850/29/3 1851/29/3 1852/29/3 1853/29/3
f 1846/29/6 1853/29/6 1852/29/6 1847/29/6
f 1849/29/4 1850/29/4 1853/29/4 1846/29/4
f 1847/29/5 1852/29/5 1851/29/5 1848/29/5
f 1850/29/131 1854/29/132 1855/29/132 1851/29/131
f 1854/29/132 1856/29/133 1857/29/133 1855/29/132
f 1856/29/133 1858/29/134 1859/29/134 1857/29/133
f 1858/29/134 1860/29/1 1861/29/1 1859/29/134
f 1860/29/1 1862/29/135 1863/29/135 1861/29/1
f 1862/29/135 1864/29/136 1865/29/136 1863/29/135
f 1864/29/136 1866/29/137 1867/29/137 1865/29/136
f 1866/29/137 1849/29/138 1848/29/138 1867/29/137
f 1849/29/4 1866/29/4 1864/29/4 1862/29/4 1860/29/4 1858/29/4 1856/29/4 1854/29/4 1850/29/4
f 1851/29/5 1855/29/5 1857/29/5 1859/29/5 1861/29/5 1863/29/5 1865/29/5 1867/29/5 1848/29/5
usemtl MI_Palette_Chrome
f 1868/97/2 1869/97/2 1870/97/2 1871/97/2
f 1872/97/3 1873/97/3 1874/97/3 1875/97/3
f 1868/97/6 1875/97/6 1874/97/6 1869/97/6
f 1870/97/1 1873/97/1 1872/97/1 1871/97/1
f 1869/97/5 1874/97/5 1873/97/5 1870/97/5
o SM_Bench_1
g SM_Bench_1
usemtl MI_Palette
f 1876/12/6 1877/12/6 1878/12/6 1879/12/6
f 1877/12/5 1880/12/5 1881/12/5 1878/12/5
f 1880/12/6 1882/12/6 1883/12/6 1881/12/6
f 1882/12/4 1884/12/4 1885/12/4 1883/12/4
f 1884/12/6 1886/12/6 1887/12/6 1885/12/6
f 1886/12/5 1888/12/5 1889/12/5 1887/12/5
f 1888/12/1 1890/12/1 1891/12/1 1889/12/1
f 1890/12/5 1892/12/5 1893/12/5 1891/12/5
f 1892/12/1 1894/12/1 1895/12/1 1893/12/1
f 1894/12/4 1876/12/4 1879/12/4 1895/12/4
f 1895/12/2 1879/12/2 1878/12/2
f 1895/12/2 1878/12/2 1881/12/2
f 1883/12/2 1885/12/2 1887/12/2
f 1883/12/2 1887/12/2 1889/12/2
f 1881/12/2 1883/12/2 1889/12/2
f 1881/12/2 1889/12/2 1891/12/2
f 1895/12/2 1881/12/2 1891/12/2
f 1891/12/2 1893/12/2 1895/12/2
f 1876/12/3 1894/12/3 1892/12/3
f 1876/12/3 1892/12/3 1890/12/3
f 1888/12/3 1886/12/3 1884/12/3
f 1888/12/3 1884/12/3 1882/12/3
f 1890/12/3 1888/12/3 1882/12/3
f 1890/12/3 1882/12/3 1880/12/3
f 1876/12/3 1890/12/3 1880/12/3
f 1880/12/3 1877/12/3 1876/12/3
f 1896/12/6 1897/12/6 1898/12/6 1899/12/6
f 1897/12/5 1900/12/5 1901/12/5 1898/12/5
f 1900/12/6 1902/12/6 1903/12/6 1901/12/6
f 1902/12/4 1904/12/4 1905/12/4 1903/12/4
f 1904/12/6 1906/12/6 1907/12/6 1905/12/6
f 1906/12/5 1908/12/5 1909/12/5 1907/12/5
f 1908/12/1 1910/12/1 1911/12/1 1909/12/1
f 1910/12/5 1912/12/5 1913/12/5 1911/12/5
f 1912/12/1 1914/12/1 1915/12/1 1913/12/1
f 1914/12/4 1896/12/4 1899/12/4 1915/12/4
f 1915/12/2 1899/12/2 1898/12/2
f 1915/12/2 1898/12/2 1901/12/2
f 1903/12/2 1905/12/2 1907/12/2
f 1903/12/2 1907/12/2 1909/12/2
f 1901/12/2 1903/12/2 1909/12/2
f 1901/12/2 1909/12/2 1911/12/2
f 1915/12/2 1901/12/2 1911/12/2
f 1911/12/2 1913/12/2 1915/12/2
f 1896/12/3 1914/12/3 1912/12/3
f 1896/12/3 1912/12/3 1910/12/3
f 1908/12/3 1906/12/3 1904/12/3
f 1908/12/3 1904/12/3 1902/12/3
f 1910/12/3 1908/12/3 1902/12/3
f 1910/12/3 1902/12/3 1900/12/3
f 1896/12/3 1910/12/3 1900/12/3
f 1900/12/3 1897/12/3 1896/12/3
f 1916/98/2 1917/98/2 1918/98/2 1919/98/2
f 1920/98/3 1921/98/3 1922/98/3 1923/98/3
f 1916/98/6 1923/98/6 1922/98/6 1917/98/6
f 1918/98/1 1921/98/1 1920/98/1 1919/98/1
f 1919/98/4 1920/98/4 1923/98/4 1916/98/4
f 1917/98/5 1922/98/5 1921/98/5 1918/98/5
f 1924/98/2 1925/98/2 1926/98/2 1927/98/2
f 1928/98/3 1929/98/3 1930/98/3 1931/98/3
f 1924/98/6 1931/98/6 1930/98/6 1925/98/6
f 1926/98/1 1929/98/1 1928/98/1 1927/98/1
f 1927/98/4 1928/98/4 1931/98/4 1924/98/4
f 1925/98/5 1930/98/5 1929/98/5 1926/98/5
f 1932/98/2 1933/98/2 1934/98/2 1935/98/2
f 1936/98/3 1937/98/3 1938/98/3 1939/98/3
f 1932/98/6 1939/98/6 1938/98/6 1933/98/6
f 1934/98/1 1937/98/1 1936/98/1 1935/98/1
f 1935/98/4 1936/98/4 1939/98/4 1932/98/4
f 1933/98/5 1938/98/5 1937/98/5 1934/98/5
f 1940/98/2 1941/98/2 1942/98/2 1943/98/2
f 1944/98/3 1945/98/3 1946/98/3 1947/98/3
f 1940/98/6 1947/98/6 1946/98/6 1941/98/6
f 1942/98/1 1945/98/1 1944/98/1 1943/98/1
f 1943/98/4 1944/98/4 1947/98/4 1940/98/4
f 1941/98/5 1946/98/5 1945/98/5 1942/98/5
f 1948/98/2 1949/98/2 1950/98/2 1951/98/2
f 1952/98/3 1953/98/3 1954/98/3 1955/98/3
f 1948/98/6 1955/98/6 1954/98/6 1949/98/6
f 1950/98/1 1953/98/1 1952/98/1 1951/98/1
f 1951/98/4 1952/98/4 1955/98/4 1948/98/4
f 1949/98/5 1954/98/5 1953/98/5 1950/98/5
o SM_Bench_2
g SM_Bench_2
usemtl MI_Palette
f 1956/12/6 1957/12/6 1958/12/6 1959/12/6
f 1957/12/5 1960/12/5 1961/12/5 1958/12/5
f 1960/12/6 1962/12/6 1963/12/6 1961/12/6
f 1962/12/4 1964/12/4 1965/12/4 1963/12/4
f 1964/12/6 1966/12/6 1967/12/6 1965/12/6
f 1966/12/5 1968/12/5 1969/12/5 1967/12/5
f 1968/12/1 1970/12/1 1971/12/1 1969/12/1
f 1970/12/5 1972/12/5 1973/12/5 1971/12/5
f 1972/12/1 1974/12/1 1975/12/1 1973/12/1
f 1974/12/4 1956/12/4 1959/12/4 1975/12/4
f 1975/12/2 1959/12/2 1958/12/2
f 1975/12/2 1958/12/2 1961/12/2
f 1963/12/2 1965/12/2 1967/12/2
f 1963/12/2 1967/12/2 1969/12/2
f 1961/12/2 1963/12/2 1969/12/2
f 1961/12/2 1969/12/2 1971/12/2
f 1975/12/2 1961/12/2 1971/12/2
f 1971/12/2 1973/12/2 1975/12/2
f 1956/12/3 1974/12/3 1972/12/3
f 1956/12/3 1972/12/3 1970/12/3
f 1968/12/3 1966/12/3 1964/12/3
f 1968/12/3 1964/12/3 1962/12/3
f 1970/12/3 1968/12/3 1962/12/3
f 1970/12/3 1962/12/3 1960/12/3
f 1956/12/3 1970/12/3 1960/12/3
f 1960/12/3 1957/12/3 1956/12/3
f 1976/12/6 1977/12/6 1978/12/6 1979/12/6
f 1977/12/5 1980/12/5 1981/12/5 1978/12/5
f 1980/12/6 1982/12/6 1983/12/6 1981/12/6
f 1982/12/4 1984/12/4 1985/12/4 1983/12/4
f 1984/12/6 1986/12/6 1987/12/6 1985/12/6
f 1986/12/5 1988/12/5 1989/12/5 1987/12/5
f 1988/12/1 1990/12/1 1991/12/1 1989/12/1
f 1990/12/5 1992/12/5 1993/12/5 1991/12/5
f 1992/12/1 1994/12/1 1995/12/1 1993/12/1
f 1994/12/4 1976/12/4 1979/12/4 1995/12/4
f 1995/12/2 1979/12/2 1978/12/2
f 1995/12/2 1978/12/2 1981/12/2
f 1983/12/2 1985/12/2 1987/12/2
f 1983/12/2 1987/12/2 1989/12/2
f 1981/12/2 1983/12/2 1989/12/2
f 1981/12/2 1989/12/2 1991/12/2
f 1995/12/2 1981/12/2 1991/12/2
f 1991/12/2 1993/12/2 1995/12/2
f 1976/12/3 1994/12/3 1992/12/3
f 1976/12/3 1992/12/3 1990/12/3
f 1988/12/3 1986/12/3 1984/12/3
f 1988/12/3 1984/12/3 1982/12/3
f 1990/12/3 1988/12/3 1982/12/3
f 1990/12/3 1982/12/3 1980/12/3
f 1976/12/3 1990/12/3 1980/12/3
f 1980/12/3 1977/12/3 1976/12/3
f 1996/98/2 1997/98/2 1998/98/2 1999/98/2
f 2000/98/3 2001/98/3 2002/98/3 2003/98/3
f 1996/98/6 2003/98/6 2002/98/6 1997/98/6
f 1998/98/1 2001/98/1 2000/98/1 1999/98/1
f 1999/98/4 2000/98/4 2003/98/4 1996/98/4
f 1997/98/5 2002/98/5 2001/98/5 1998/98/5
f 2004/98/2 2005/98/2 2006/98/2 2007/98/2
f 2008/98/3 2009/98/3 2010/98/3 2011/98/3
f 2004/98/6 2011/98/6 2010/98/6 2005/98/6
f 2006/98/1 2009/98/1 2008/98/1 2007/98/1
f 2007/98/4 2008/98/4 2011/98/4 2004/98/4
f 2005/98/5 2010/98/5 2009/98/5 2006/98/5
f 2012/98/2 2013/98/2 2014/98/2 2015/98/2
f 2016/98/3 2017/98/3 2018/98/3 2019/98/3
f 2012/98/6 2019/98/6 2018/98/6 2013/98/6
f 2014/98/1 2017/98/1 2016/98/1 2015/98/1
f 2015/98/4 2016/98/4 2019/98/4 2012/98/4
f 2013/98/5 2018/98/5 2017/98/5 2014/98/5
f 2020/98/2 2021/98/2 2022/98/2 2023/98/2
f 2024/98/3 2025/98/3 2026/98/3 2027/98/3
f 2020/98/6 2027/98/6 2026/98/6 2021/98/6
f 2022/98/1 2025/98/1 2024/98/1 2023/98/1
f 2023/98/4 2024/98/4 2027/98/4 2020/98/4
f 2021/98/5 2026/98/5 2025/98/5 2022/98/5
f 2028/98/2 2029/98/2 2030/98/2 2031/98/2
f 2032/98/3 2033/98/3 2034/98/3 2035/98/3
f 2028/98/6 2035/98/6 2034/98/6 2029/98/6
f 2030/98/1 2033/98/1 2032/98/1 2031/98/1
f 2031/98/4 2032/98/4 2035/98/4 2028/98/4
f 2029/98/5 2034/98/5 2033/98/5 2030/98/5
o SM_NewsBox_1
g SM_NewsBox_1
usemtl MI_Palette
f 2036/12/2 2037/12/2 2038/12/2 2039/12/2
f 2040/12/3 2041/12/3 2042/12/3 2043/12/3
f 2038/12/1 2041/12/1 2040/12/1 2039/12/1
f 2039/12/4 2040/12/4 2043/12/4 2036/12/4
f 2037/12/5 2042/12/5 2041/12/5 2038/12/5
f 2044/12/2 2045/12/2 2046/12/2 2047/12/2
f 2048/12/3 2049/12/3 2050/12/3 2051/12/3
f 2047/12/4 2048/12/4 2051/12/4 2044/12/4
f 2045/12/5 2050/12/5 2049/12/5 2046/12/5
f 2052/17/2 2053/17/2 2054/17/2 2055/17/2
f 2056/17/3 2057/17/3 2058/17/3 2059/17/3
f 2052/17/6 2059/17/6 2058/17/6 2053/17/6
f 2054/17/1 2057/17/1 2056/17/1 2055/17/1
f 2055/17/4 2056/17/4 2059/17/4 2052/17/4
f 2053/17/5 2058/17/5 2057/17/5 2054/17/5
f 2060/18/2 2061/18/2 2062/18/2 2063/18/2
f 2064/18/3 2065/18/3 2066/18/3 2067/18/3
f 2060/18/6 2067/18/6 2066/18/6 2061/18/6
f 2062/18/1 2065/18/1 2064/18/1 2063/18/1
f 2063/18/4 2064/18/4 2067/18/4 2060/18/4
f 2061/18/5 2066/18/5 2065/18/5 2062/18/5
f 2068/96/5 2069/96/5 2070/96/5 2071/96/5
f 2072/99/2 2073/99/2 2074/99/2 2075/99/2
f 2076/99/3 2077/99/3 2078/99/3 2079/99/3
f 2072/99/6 2079/99/6 2078/99/6 2073/99/6
f 2074/99/1 2077/99/1 2076/99/1 2075/99/1
f 2073/99/5 2078/99/5 2077/99/5 2074/99/5
usemtl MI_Palette_Chrome
f 2080/97/2 2081/97/2 2082/97/2 2083/97/2
f 2084/97/3 2085/97/3 2086/97/3 2087/97/3
f 2080/97/6 2087/97/6 2086/97/6 2081/97/6
f 2082/97/1 2085/97/1 2084/97/1 2083/97/1
f 2081/97/5 2086/97/5 2085/97/5 2082/97/5
o SM_Tree_A_1
g SM_Tree_A_1
usemtl MI_Palette
f 2088/100/139 2089/100/140 2090/100/140 2091/100/139
f 2089/100/140 2092/100/141 2093/100/141 2090/100/140
f 2092/100/141 2094/100/142 2095/100/142 2093/100/141
f 2094/100/142 2096/100/143 2097/100/143 2095/100/142
f 2096/100/143 2098/100/144 2099/100/144 2097/100/143
f 2098/100/144 2100/100/145 2101/100/145 2099/100/144
f 2100/100/145 2102/100/146 2103/100/146 2101/100/145
f 2102/100/146 2088/100/139 2091/100/139 2103/100/146
f 2104/101/147 2105/101/148 2106/101/149
f 2104/101/147 2107/101/150 2105/101/148
f 2104/101/147 2108/101/151 2107/101/150
f 2104/101/147 2109/101/152 2108/101/151
f 2104/101/147 2110/101/153 2109/101/152
f 2104/101/147 2111/101/154 2110/101/153
f 2104/101/147 2112/101/155 2111/101/154
f 2104/101/147 2113/101/156 2112/101/155
f 2104/101/147 2114/101/157 2113/101/156
f 2104/101/147 2106/101/149 2114/101/157
f 2106/101/149 2105/101/148 2115/101/158
f 2106/101/149 2115/101/158 2116/101/159
f 2105/101/148 2107/101/150 2115/101/158
f 2107/101/150 2117/101/160 2115/101/158
f 2107/101/150 2108/101/151 2117/101/160
f 2108/101/151 2118/101/161 2117/101/160
f 2108/101/151 2109/101/152 2118/101/161
f 2109/101/152 2119/101/162 2118/101/161
f 2109/101/152 2110/101/153 2120/101/163
f 2109/101/152 2120/101/163 2119/101/162
f 2110/101/153 2111/101/154 2121/101/164
f 2110/101/153 2121/101/164 2120/101/163
f 2111/101/154 2112/101/155 2122/101/165
f 2111/101/154 2122/101/165 2121/101/164
f 2112/101/155 2113/101/156 2122/101/165
f 2113/101/156 2123/101/166 2122/101/165
f 2113/101/156 2114/101/157 2123/101/166
f 2114/101/157 2124/101/167 2123/101/166
f 2114/101/157 2106/101/149 2116/101/159
f 2114/101/157 2116/101/159 2124/101/167
f 2116/101/159 2115/101/158 2125/101/168
f 2115/101/158 2126/101/169 2125/101/168
f 2115/101/158 2117/101/160 2126/101/169
f 2117/101/160 2127/101/170 2126/101/169
f 2117/101/160 2118/101/161 2128/101/171
f 2117/101/160 2128/101/171 2127/101/170
f 2118/101/161 2119/101/162 2129/101/172
f 2118/101/161 2129/101/172 2128/101/171
f 2119/101/162 2120/101/163 2129/101/172
f 2120/101/163 2130/101/173 2129/101/172
f 2120/101/163 2121/101/164 2131/101/174
f 2120/101/163 2131/101/174 2130/101/173
f 2121/101/164 2122/101/165 2131/101/174
f 2122/101/165 2132/101/175 2131/101/174
f 2122/101/165 2123/101/166 2132/101/175
f 2123/101/166 2133/101/176 2132/101/175
f 2123/101/166 2124/101/167 2134/101/177
f 2123/101/166 2134/101/177 2133/101/176
f 2124/101/167 2116/101/159 2134/101/177
f 2116/101/159 2125/101/168 2134/101/177
f 2125/101/168 2126/101/169 2135/101/178
f 2126/101/169 2136/101/179 2135/101/178
f 2126/101/169 2127/101/170 2137/101/180
f 2126/101/169 2137/101/180 2136/101/179
f 2127/101/170 2128/101/171 2138/101/181
f 2127/101/170 2138/101/181 2137/101/180
f 2128/101/171 2129/101/172 2138/101/181
f 2129/101/172 2139/101/182 2138/101/181
f 2129/101/172 2130/101/173 2140/101/183
f 2129/101/172 2140/101/183 2139/101/182
f 2130/101/173 2131/101/174 2140/101/183
f 2131/101/174 2141/101/184 2140/101/183
f 2131/101/174 2132/101/175 2142/101/185
f 2131/101/174 2142/101/185 2141/101/184
f 2132/101/175 2133/101/176 2143/101/186
f 2132/101/175 2143/101/186 2142/101/185
f 2133/101/176 2134/101/177 2143/101/186
f 2134/101/177 2144/101/187 2143/101/186
f 2134/101/177 2125/101/168 2135/101/178
f 2134/101/177 2135/101/178 2144/101/187
f 2135/101/178 2136/101/179 2145/101/188
f 2135/101/178 2145/101/188 2146/101/189
f 2136/101/179 2137/101/180 2147/101/190
f 2136/101/179 2147/101/190 2145/101/188
f 2137/101/180 2138/101/181 2147/101/190
f 2138/101/181 2148/101/191 2147/101/190
f 2138/101/181 2139/101/182 2149/101/192
f 2138/101/181 2149/101/192 2148/101/191
f 2139/101/182 2140/101/183 2149/101/192
f 2140/101/183 2150/101/193 2149/101/192
f 2140/101/183 2141/101/184 2150/101/193
f 2141/101/184 2151/101/194 2150/101/193
f 2141/101/184 2142/101/185 2152/101/195
f 2141/101/184 2152/101/195 2151/101/194
f 2142/101/185 2143/101/186 2152/101/195
f 2143/101/186 2153/101/196 2152/101/195
f 2143/101/186 2144/101/187 2154/101/197
f 2143/101/186 2154/101/197 2153/101/196
f 2144/101/187 2135/101/178 2154/101/197
f 2135/101/178 2146/101/189 2154/101/197
f 2146/101/189 2145/101/188 2155/101/198
f 2146/101/189 2155/101/198 2156/101/199
f 2145/101/188 2147/101/190 2155/101/198
f 2147/101/190 2157/101/200 2155/101/198
f 2147/101/190 2148/101/191 2158/101/201
f 2147/101/190 2158/101/201 2157/101/200
f 2148/101/191 2149/101/192 2158/101/201
f 2149/101/192 2159/101/202 2158/101/201
f 2149/101/192 2150/101/193 2160/101/203
f 2149/101/192 2160/101/203 2159/101/202
f 2150/101/193 2151/101/194 2161/101/204
f 2150/101/193 2161/101/204 2160/101/203
f 2151/101/194 2152/101/195 2161/101/204
f 2152/101/195 2162/101/205 2161/101/204
f 2152/101/195 2153/101/196 2162/101/205
f 2153/101/196 2163/101/206 2162/101/205
f 2153/101/196 2154/101/197 2163/101/206
f 2154/101/197 2164/101/207 2163/101/206
f 2154/101/197 2146/101/189 2156/101/199
f 2154/101/197 2156/101/199 2164/101/207
f 2156/101/199 2155/101/198 2165/101/208
f 2155/101/198 2157/101/200 2165/101/208
f 2157/101/200 2158/101/201 2165/101/208
f 2158/101/201 2159/101/202 2165/101/208
f 2159/101/202 2160/101/203 2165/101/208
f 2160/101/203 2161/101/204 2165/101/208
f 2161/101/204 2162/101/205 2165/101/208
f 2162/101/205 2163/101/206 2165/101/208
f 2163/101/206 2164/101/207 2165/101/208
f 2164/101/207 2156/101/199 2165/101/208
f 2166/101/209 2167/101/210 2168/101/211
f 2166/101/209 2169/101/212 2167/101/210
f 2166/101/209 2170/101/213 2169/101/212
f 2166/101/209 2171/101/214 2170/101/213
f 2166/101/209 2172/101/215 2171/101/214
f 2166/101/209 2173/101/216 2172/101/215
f 2166/101/209 2174/101/217 2173/101/216
f 2166/101/209 2175/101/218 2174/101/217
f 2166/101/209 2176/101/219 2175/101/218
f 2166/101/209 2168/101/211 2176/101/219
f 2168/101/211 2167/101/210 2177/101/220
f 2167/101/210 2178/101/221 2177/101/220
f 2167/101/210 2169/101/212 2178/101/221
f 2169/101/212 2179/101/222 2178/101/221
f 2169/101/212 2170/101/213 2180/101/223
f 2169/101/212 2180/101/223 2179/101/222
f 2170/101/213 2171/101/214 2181/101/224
f 2170/101/213 2181/101/224 2180/101/223
f 2171/101/214 2172/101/215 2181/101/224
f 2172/101/215 2182/101/225 2181/101/224
f 2172/101/215 2173/101/216 2183/101/226
f 2172/101/215 2183/101/226 2182/101/225
f 2173/101/216 2174/101/217 2183/101/226
f 2174/101/217 2184/101/227 2183/101/226
f 2174/101/217 2175/101/218 2185/101/228
f 2174/101/217 2185/101/228 2184/101/227
f 2175/101/218 2176/101/219 2185/101/228
f 2176/101/219 2186/101/229 2185/101/228
f 2176/101/219 2168/101/211 2177/101/220
f 2176/101/219 2177/101/220 2186/101/229
f 2177/101/220 2178/101/221 2187/101/230
f 2178/101/221 2188/101/231 2187/101/230
f 2178/101/221 2179/101/222 2189/101/232
f 2178/101/221 2189/101/232 2188/101/231
f 2179/101/222 2180/101/223 2189/101/232
f 2180/101/223 2190/101/233 2189/101/232
f 2180/101/223 2181/101/224 2190/101/233
f 2181/101/224 2191/101/234 2190/101/233
f 2181/101/224 2182/101/225 2192/101/235
f 2181/101/224 2192/101/235 2191/101/234
f 2182/101/225 2183/101/226 2192/101/235
f 2183/101/226 2193/101/236 2192/101/235
f 2183/101/226 2184/101/227 2194/101/237
f 2183/101/226 2194/101/237 2193/101/236
f 2184/101/227 2185/101/228 2194/101/237
f 2185/101/228 2195/101/238 2194/101/237
f 2185/101/228 2186/101/229 2196/101/239
f 2185/101/228 2196/101/239 2195/101/238
f 2186/101/229 2177/101/220 2187/101/230
f 2186/101/229 2187/101/230 2196/101/239
f 2187/101/230 2188/101/231 2197/101/240
f 2187/101/230 2197/101/240 2198/101/241
f 2188/101/231 2189/101/232 2197/101/240
f 2189/101/232 2199/101/242 2197/101/240
f 2189/101/232 2190/101/233 2200/101/243
f 2189/101/232 2200/101/243 2199/101/242
f 2190/101/233 2191/101/234 2200/101/243
f 2191/101/234 2201/101/244 2200/101/243
f 2191/101/234 2192/101/235 2202/101/245
f 2191/101/234 2202/101/245 2201/101/244
f 2192/101/235 2193/101/236 2202/101/245
f 2193/101/236 2203/101/246 2202/101/245
f 2193/101/236 2194/101/237 2204/101/247
f 2193/101/236 2204/101/247 2203/101/246
f 2194/101/237 2195/101/238 2205/101/248
f 2194/101/237 2205/101/248 2204/101/247
f 2195/101/238 2196/101/239 2205/101/248
f 2196/101/239 2206/101/249 2205/101/248
f 2196/101/239 2187/101/230 2206/101/249
f 2187/101/230 2198/101/241 2206/101/249
f 2198/101/241 2197/101/240 2207/101/250
f 2197/101/240 2208/101/251 2207/101/250
f 2197/101/240 2199/101/242 2208/101/251
f 2199/101/242 2209/101/252 2208/101/251
f 2199/101/242 2200/101/243 2209/101/252
f 2200/101/243 2210/101/253 2209/101/252
f 2200/101/243 2201/101/244 2211/101/254
f 2200/101/243 2211/101/254 2210/101/253
f 2201/101/244 2202/101/245 2211/101/254
f 2202/101/245 2212/101/255 2211/101/254
f 2202/101/245 2203/101/246 2213/101/256
f 2202/101/245 2213/101/256 2212/101/255
f 2203/101/246 2204/101/247 2213/101/256
f 2204/101/247 2214/101/257 2213/101/256
f 2204/101/247 2205/101/248 2215/101/258
f 2204/101/247 2215/101/258 2214/101/257
f 2205/101/248 2206/101/249 2216/101/259
f 2205/101/248 2216/101/259 2215/101/258
f 2206/101/249 2198/101/241 2207/101/250
f 2206/101/249 2207/101/250 2216/101/259
f 2207/101/250 2208/101/251 2217/101/260
f 2208/101/251 2218/101/261 2217/101/260
f 2208/101/251 2209/101/252 2219/101/262
f 2208/101/251 2219/101/262 2218/101/261
f 2209/101/252 2210/101/253 2220/101/263
f 2209/101/252 2220/101/263 2219/101/262
f 2210/101/253 2211/101/254 2220/101/263
f 2211/101/254 2221/101/264 2220/101/263
f 2211/101/254 2212/101/255 2222/101/265
f 2211/101/254 2222/101/265 2221/101/264
f 2212/101/255 2213/101/256 2222/101/265
f 2213/101/256 2223/101/266 2222/101/265
f 2213/101/256 2214/101/257 2224/101/267
f 2213/101/256 2224/101/267 2223/101/266
f 2214/101/257 2215/101/258 2224/101/267
f 2215/101/258 2225/101/268 2224/101/267
f 2215/101/258 2216/101/259 2225/101/268
f 2216/101/259 2226/101/269 2225/101/268
f 2216/101/259 2207/101/250 2217/101/260
f 2216/101/259 2217/101/260 2226/101/269
f 2217/101/260 2218/101/261 2227/101/270
f 2218/101/261 2219/101/262 2227/101/270
f 2219/101/262 2220/101/263 2227/101/270
f 2220/101/263 2221/101/264 2227/101/270
f 2221/101/264 2222/101/265 2227/101/270
f 2222/101/265 2223/101/266 2227/101/270
f 2223/101/266 2224/101/267 2227/101/270
f 2224/101/267 2225/101/268 2227/101/270
f 2225/101/268 2226/101/269 2227/101/270
f 2226/101/269 2217/101/260 2227/101/270
f 2228/101/271 2229/101/272 2230/101/273
f 2228/101/271 2231/101/274 2229/101/272
f 2228/101/271 2232/101/275 2231/101/274
f 2228/101/271 2233/101/276 2232/101/275
f 2228/101/271 2234/101/277 2233/101/276
f 2228/101/271 2235/101/278 2234/101/277
f 2228/101/271 2236/101/279 2235/101/278
f 2228/101/271 2237/101/280 2236/101/279
f 2228/101/271 2238/101/281 2237/101/280
f 2228/101/271 2230/101/273 2238/101/281
f 2230/101/273 2229/101/272 2239/101/282
f 2229/101/272 2240/101/283 2239/101/282
f 2229/101/272 2231/101/274 2241/101/284
f 2229/101/272 2241/101/284 2240/101/283
f 2231/101/274 2232/101/275 2242/101/285
f 2231/101/274 2242/101/285 2241/101/284
f 2232/101/275 2233/101/276 2242/101/285
f 2233/101/276 2243/101/286 2242/101/285
f 2233/101/276 2234/101/277 2244/101/287
f 2233/101/276 2244/101/287 2243/101/286
f 2234/101/277 2235/101/278 2244/101/287
f 2235/101/278 2245/101/288 2244/101/287
f 2235/101/278 2236/101/279 2245/101/288
f 2236/101/279 2246/101/289 2245/101/288
f 2236/101/279 2237/101/280 2247/101/290
f 2236/101/279 2247/101/290 2246/101/289
f 2237/101/280 2238/101/281 2247/101/290
f 2238/101/281 2248/101/291 2247/101/290
f 2238/101/281 2230/101/273 2239/101/282
f 2238/101/281 2239/101/282 2248/101/291
f 2239/101/282 2240/101/283 2249/101/292
f 2239/101/282 2249/101/292 2250/101/293
f 2240/101/283 2241/101/284 2249/101/292
f 2241/101/284 2251/101/294 2249/101/292
f 2241/101/284 2242/101/285 2251/101/294
f 2242/101/285 2252/101/295 2251/101/294
f 2242/101/285 2243/101/286 2253/101/296
f 2242/101/285 2253/101/296 2252/101/295
f 2243/101/286 2244/101/287 2253/101/296
f 2244/101/287 2254/101/297 2253/101/296
f 2244/101/287 2245/101/288 2255/101/298
f 2244/101/287 2255/101/298 2254/101/297
f 2245/101/288 2246/101/289 2255/101/298
f 2246/101/289 2256/101/299 2255/101/298
f 2246/101/289 2247/101/290 2256/101/299
f 2247/101/290 2257/101/300 2256/101/299
f 2247/101/290 2248/101/291 2258/101/301
f 2247/101/290 2258/101/301 2257/101/300
f 2248/101/291 2239/101/282 2258/101/301
f 2239/101/282 2250/101/293 2258/101/301
f 2250/101/293 2249/101/292 2259/101/302
f 2249/101/292 2260/101/303 2259/101/302
f 2249/101/292 2251/101/294 2261/101/304
f 2249/101/292 2261/101/304 2260/101/303
f 2251/101/294 2252/101/295 2262/101/305
f 2251/101/294 2262/101/305 2261/101/304
f 2252/101/295 2253/101/296 2262/101/305
f 2253/101/296 2263/101/306 2262/101/305
f 2253/101/296 2254/101/297 2264/101/307
f 2253/101/296 2264/101/307 2263/101/306
f 2254/101/297 2255/101/298 2264/101/307
f 2255/101/298 2265/101/308 2264/101/307
f 2255/101/298 2256/101/299 2266/101/309
f 2255/101/298 2266/101/309 2265/101/308
f 2256/101/299 2257/101/300 2266/101/309
f 2257/101/300 2267/101/310 2266/101/309
f 2257/101/300 2258/101/301 2267/101/310
f 2258/101/301 2268/101/311 2267/101/310
f 2258/101/301 2250/101/293 2268/101/311
f 2250/101/293 2259/101/302 2268/101/311
f 2259/101/302 2260/101/303 2269/101/312
f 2259/101/302 2269/101/312 2270/101/313
f 2260/101/303 2261/101/304 2269/101/312
f 2261/101/304 2271/101/314 2269/101/312
f 2261/101/304 2262/101/305 2272/101/315
f 2261/101/304 2272/101/315 2271/101/314
f 2262/101/305 2263/101/306 2272/101/315
f 2263/101/306 2273/101/316 2272/101/315
f 2263/101/306 2264/101/307 2274/101/317
f 2263/101/306 2274/101/317 2273/101/316
f 2264/101/307 2265/101/308 2274/101/317
f 2265/101/308 2275/101/318 2274/101/317
f 2265/101/308 2266/101/309 2275/101/318
f 2266/101/309 2276/101/319 2275/101/318
f 2266/101/309 2267/101/310 2277/101/320
f 2266/101/309 2277/101/320 2276/101/319
f 2267/101/310 2268/101/311 2277/101/320
f 2268/101/311 2278/101/321 2277/101/320
f 2268/101/311 2259/101/302 2270/101/313
f 2268/101/311 2270/101/313 2278/101/321
f 2270/101/313 2269/101/312 2279/101/322
f 2269/101/312 2280/101/323 2279/101/322
f 2269/101/312 2271/101/314 2281/101/324
f 2269/101/312 2281/101/324 2280/101/323
f 2271/101/314 2272/101/315 2281/101/324
f 2272/101/315 2282/101/325 2281/101/324
f 2272/101/315 2273/101/316 2283/101/326
f 2272/101/315 2283/101/326 2282/101/325
f 2273/101/316 2274/101/317 2283/101/326
f 2274/101/317 2284/101/327 2283/101/326
f 2274/101/317 2275/101/318 2284/101/327
f 2275/101/318 2285/101/328 2284/101/327
f 2275/101/318 2276/101/319 2286/101/329
f 2275/101/318 2286/101/329 2285/101/328
f 2276/101/319 2277/101/320 2286/101/329
f 2277/101/320 2287/101/330 2286/101/329
f 2277/101/320 2278/101/321 2287/101/330
f 2278/101/321 2288/101/331 2287/101/330
f 2278/101/321 2270/101/313 2279/101/322
f 2278/101/321 2279/101/322 2288/101/331
f 2279/101/322 2280/101/323 2289/101/332
f 2280/101/323 2281/101/324 2289/101/332
f 2281/101/324 2282/101/325 2289/101/332
f 2282/101/325 2283/101/326 2289/101/332
f 2283/101/326 2284/101/327 2289/101/332
f 2284/101/327 2285/101/328 2289/101/332
f 2285/101/328 2286/101/329 2289/101/332
f 2286/101/329 2287/101/330 2289/101/332
f 2287/101/330 2288/101/331 2289/101/332
f 2288/101/331 2279/101/322 2289/101/332
o SM_Tree_B_1
g SM_Tree_B_1
usemtl MI_Palette
f 2290/100/333 2291/100/334 2292/100/334 2293/100/333
f 2291/100/334 2294/100/335 2295/100/335 2292/100/334
f 2294/100/335 2296/100/336 2297/100/336 2295/100/335
f 2296/100/336 2298/100/337 2299/100/337 2297/100/336
f 2298/100/337 2300/100/338 2301/100/338 2299/100/337
f 2300/100/338 2302/100/339 2303/100/339 2301/100/338
f 2302/100/339 2304/100/340 2305/100/340 2303/100/339
f 2304/100/340 2290/100/333 2293/100/333 2305/100/340
f 2306/101/341 2307/101/342 2308/101/343
f 2306/101/341 2309/101/344 2307/101/342
f 2306/101/341 2310/101/345 2309/101/344
f 2306/101/341 2311/101/346 2310/101/345
f 2306/101/341 2312/101/347 2311/101/346
f 2306/101/341 2313/101/348 2312/101/347
f 2306/101/341 2314/101/349 2313/101/348
f 2306/101/341 2315/101/350 2314/101/349
f 2306/101/341 2316/101/351 2315/101/350
f 2306/101/341 2308/101/343 2316/101/351
f 2308/101/343 2307/101/342 2317/101/352
f 2307/101/342 2318/101/353 2317/101/352
f 2307/101/342 2309/101/344 2319/101/354
f 2307/101/342 2319/101/354 2318/101/353
f 2309/101/344 2310/101/345 2320/101/355
f 2309/101/344 2320/101/355 2319/101/354
f 2310/101/345 2311/101/346 2320/101/355
f 2311/101/346 2321/101/356 2320/101/355
f 2311/101/346 2312/101/347 2321/101/356
f 2312/101/347 2322/101/357 2321/101/356
f 2312/101/347 2313/101/348 2323/101/358
f 2312/101/347 2323/101/358 2322/101/357
f 2313/101/348 2314/101/349 2323/101/358
f 2314/101/349 2324/101/359 2323/101/358
f 2314/101/349 2315/101/350 2325/101/360
f 2314/101/349 2325/101/360 2324/101/359
f 2315/101/350 2316/101/351 2326/101/361
f 2315/101/350 2326/101/361 2325/101/360
f 2316/101/351 2308/101/343 2326/101/361
f 2308/101/343 2317/101/352 2326/101/361
f 2317/101/352 2318/101/353 2327/101/362
f 2317/101/352 2327/101/362 2328/101/363
f 2318/101/353 2319/101/354 2327/101/362
f 2319/101/354 2329/101/364 2327/101/362
f 2319/101/354 2320/101/355 2330/101/365
f 2319/101/354 2330/101/365 2329/101/364
f 2320/101/355 2321/101/356 2331/101/366
f 2320/101/355 2331/101/366 2330/101/365
f 2321/101/356 2322/101/357 2331/101/366
f 2322/101/357 2332/101/367 2331/101/366
f 2322/101/357 2323/101/358 2333/101/368
f 2322/101/357 2333/101/368 2332/101/367
f 2323/101/358 2324/101/359 2334/101/369
f 2323/101/358 2334/101/369 2333/101/368
f 2324/101/359 2325/101/360 2334/101/369
f 2325/101/360 2335/101/370 2334/101/369
f 2325/101/360 2326/101/361 2336/101/371
f 2325/101/360 2336/101/371 2335/101/370
f 2326/101/361 2317/101/352 2328/101/363
f 2326/101/361 2328/101/363 2336/101/371
f 2328/101/363 2327/101/362 2337/101/372
f 2328/101/363 2337/101/372 2338/101/373
f 2327/101/362 2329/101/364 2339/101/374
f 2327/101/362 2339/101/374 2337/101/372
f 2329/101/364 2330/101/365 2339/101/374
f 2330/101/365 2340/101/375 2339/101/374
f 2330/101/365 2331/101/366 2340/101/375
f 2331/101/366 2341/101/376 2340/101/375
f 2331/101/366 2332/101/367 2342/101/377
f 2331/101/366 2342/101/377 2341/101/376
f 2332/101/367 2333/101/368 2342/101/377
f 2333/101/368 2343/101/378 2342/101/377
f 2333/101/368 2334/101/369 2343/101/378
f 2334/101/369 2344/101/379 2343/101/378
f 2334/101/369 2335/101/370 2344/101/379
f 2335/101/370 2345/101/380 2344/101/379
f 2335/101/370 2336/101/371 2346/101/381
f 2335/101/370 2346/101/381 2345/101/380
f 2336/101/371 2328/101/363 2346/101/381
f 2328/101/363 2338/101/373 2346/101/381
f 2338/101/373 2337/101/372 2347/101/382
f 2338/101/373 2347/101/382 2348/101/383
f 2337/101/372 2339/101/374 2347/101/382
f 2339/101/374 2349/101/384 2347/101/382
f 2339/101/374 2340/101/375 2350/101/385
f 2339/101/374 2350/101/385 2349/101/384
f 2340/101/375 2341/101/376 2350/101/385
f 2341/101/376 2351/101/386 2350/101/385
f 2341/101/376 2342/101/377 2352/101/387
f 2341/101/376 2352/101/387 2351/101/386
f 2342/101/377 2343/101/378 2352/101/387
f 2343/101/378 2353/101/388 2352/101/387
f 2343/101/378 2344/101/379 2354/101/389
f 2343/101/378 2354/101/389 2353/101/388
f 2344/101/379 2345/101/380 2354/101/389
f 2345/101/380 2355/101/390 2354/101/389
f 2345/101/380 2346/101/381 2355/101/390
f 2346/101/381 2356/101/391 2355/101/390
f 2346/101/381 2338/101/373 2348/101/383
f 2346/101/381 2348/101/383 2356/101/391
f 2348/101/383 2347/101/382 2357/101/392
f 2347/101/382 2358/101/393 2357/101/392
f 2347/101/382 2349/101/384 2359/101/394
f 2347/101/382 2359/101/394 2358/101/393
f 2349/101/384 2350/101/385 2359/101/394
f 2350/101/385 2360/101/395 2359/101/394
f 2350/101/385 2351/101/386 2361/101/396
f 2350/101/385 2361/101/396 2360/101/395
f 2351/101/386 2352/101/387 2361/101/396
f 2352/101/387 2362/101/397 2361/101/396
f 2352/101/387 2353/101/388 2363/101/398
f 2352/101/387 2363/101/398 2362/101/397
f 2353/101/388 2354/101/389 2363/101/398
f 2354/101/389 2364/101/399 2363/101/398
f 2354/101/389 2355/101/390 2365/101/400
f 2354/101/389 2365/101/400 2364/101/399
f 2355/101/390 2356/101/391 2365/101/400
f 2356/101/391 2366/101/401 2365/101/400
f 2356/101/391 2348/101/383 2357/101/392
f 2356/101/391 2357/101/392 2366/101/401
f 2357/101/392 2358/101/393 2367/101/402
f 2358/101/393 2359/101/394 2367/101/402
f 2359/101/394 2360/101/395 2367/101/402
f 2360/101/395 2361/101/396 2367/101/402
f 2361/101/396 2362/101/397 2367/101/402
f 2362/101/397 2363/101/398 2367/101/402
f 2363/101/398 2364/101/399 2367/101/402
f 2364/101/399 2365/101/400 2367/101/402
f 2365/101/400 2366/101/401 2367/101/402
f 2366/101/401 2357/101/392 2367/101/402
f 2368/101/403 2369/101/404 2370/101/405
f 2368/101/403 2371/101/406 2369/101/404
f 2368/101/403 2372/101/407 2371/101/406
f 2368/101/403 2373/101/408 2372/101/407
f 2368/101/403 2374/101/409 2373/101/408
f 2368/101/403 2375/101/410 2374/101/409
f 2368/101/403 2376/101/411 2375/101/410
f 2368/101/403 2377/101/412 2376/101/411
f 2368/101/403 2378/101/413 2377/101/412
f 2368/101/403 2370/101/405 2378/101/413
f 2370/101/405 2369/101/404 2379/101/414
f 2369/101/404 2380/101/415 2379/101/414
f 2369/101/404 2371/101/406 2380/101/415
f 2371/101/406 2381/101/416 2380/101/415
f 2371/101/406 2372/101/407 2382/101/417
f 2371/101/406 2382/101/417 2381/101/416
f 2372/101/407 2373/101/408 2382/101/417
f 2373/101/408 2383/101/418 2382/101/417
f 2373/101/408 2374/101/409 2383/101/418
f 2374/101/409 2384/101/419 2383/101/418
f 2374/101/409 2375/101/410 2385/101/420
f 2374/101/409 2385/101/420 2384/101/419
f 2375/101/410 2376/101/411 2385/101/420
f 2376/101/411 2386/101/421 2385/101/420
f 2376/101/411 2377/101/412 2387/101/422
f 2376/101/411 2387/101/422 2386/101/421
f 2377/101/412 2378/101/413 2388/101/423
f 2377/101/412 2388/101/423 2387/101/422
f 2378/101/413 2370/101/405 2388/101/423
f 2370/101/405 2379/101/414 2388/101/423
f 2379/101/414 2380/101/415 2389/101/424
f 2379/101/414 2389/101/424 2390/101/425
f 2380/101/415 2381/101/416 2391/101/426
f 2380/101/415 2391/101/426 2389/101/424
f 2381/101/416 2382/101/417 2391/101/426
f 2382/101/417 2392/101/427 2391/101/426
f 2382/101/417 2383/101/418 2393/101/428
f 2382/101/417 2393/101/428 2392/101/427
f 2383/101/418 2384/101/419 2394/101/429
f 2383/101/418 2394/101/429 2393/101/428
f 2384/101/419 2385/101/420 2394/101/429
f 2385/101/420 2395/101/430 2394/101/429
f 2385/101/420 2386/101/421 2396/101/431
f 2385/101/420 2396/101/431 2395/101/430
f 2386/101/421 2387/101/422 2397/101/432
f 2386/101/421 2397/101/432 2396/101/431
f 2387/101/422 2388/101/423 2397/101/432
f 2388/101/423 2398/101/433 2397/101/432
f 2388/101/423 2379/101/414 2390/101/425
f 2388/101/423 2390/101/425 2398/101/433
f 2390/101/425 2389/101/424 2399/101/434
f 2389/101/424 2400/101/435 2399/101/434
f 2389/101/424 2391/101/426 2401/101/436
f 2389/101/424 2401/101/436 2400/101/435
f 2391/101/426 2392/101/427 2401/101/436
f 2392/101/427 2402/101/437 2401/101/436
f 2392/101/427 2393/101/428 2402/101/437
f 2393/101/428 2403/101/438 2402/101/437
f 2393/101/428 2394/101/429 2404/101/439
f 2393/101/428 2404/101/439 2403/101/438
f 2394/101/429 2395/101/430 2405/101/440
f 2394/101/429 2405/101/440 2404/101/439
f 2395/101/430 2396/101/431 2405/101/440
f 2396/101/431 2406/101/441 2405/101/440
f 2396/101/431 2397/101/432 2407/101/442
f 2396/101/431 2407/101/442 2406/101/441
f 2397/101/432 2398/101/433 2407/101/442
f 2398/101/433 2408/101/443 2407/101/442
f 2398/101/433 2390/101/425 2399/101/434
f 2398/101/433 2399/101/434 2408/101/443
f 2399/101/434 2400/101/435 2409/101/444
f 2400/101/435 2410/101/445 2409/101/444
f 2400/101/435 2401/101/436 2410/101/445
f 2401/101/436 2411/101/446 2410/101/445
f 2401/101/436 2402/101/437 2411/101/446
f 2402/101/437 2412/101/447 2411/101/446
f 2402/101/437 2403/101/438 2413/101/448
f 2402/101/437 2413/101/448 2412/101/447
f 2403/101/438 2404/101/439 2413/101/448
f 2404/101/439 2414/101/449 2413/101/448
f 2404/101/439 2405/101/440 2415/101/450
f 2404/101/439 2415/101/450 2414/101/449
f 2405/101/440 2406/101/441 2415/101/450
f 2406/101/441 2416/101/451 2415/101/450
f 2406/101/441 2407/101/442 2416/101/451
f 2407/101/442 2417/101/452 2416/101/451
f 2407/101/442 2408/101/443 2418/101/453
f 2407/101/442 2418/101/453 2417/101/452
f 2408/101/443 2399/101/434 2418/101/453
f 2399/101/434 2409/101/444 2418/101/453
f 2409/101/444 2410/101/445 2419/101/454
f 2409/101/444 2419/101/454 2420/101/455
f 2410/101/445 2411/101/446 2419/101/454
f 2411/101/446 2421/101/456 2419/101/454
f 2411/101/446 2412/101/447 2422/101/457
f 2411/101/446 2422/101/457 2421/101/456
f 2412/101/447 2413/101/448 2422/101/457
f 2413/101/448 2423/101/458 2422/101/457
f 2413/101/448 2414/101/449 2424/101/459
f 2413/101/448 2424/101/459 2423/101/458
f 2414/101/449 2415/101/450 2424/101/459
f 2415/101/450 2425/101/460 2424/101/459
f 2415/101/450 2416/101/451 2425/101/460
f 2416/101/451 2426/101/461 2425/101/460
f 2416/101/451 2417/101/452 2427/101/462
f 2416/101/451 2427/101/462 2426/101/461
f 2417/101/452 2418/101/453 2428/101/463
f 2417/101/452 2428/101/463 2427/101/462
f 2418/101/453 2409/101/444 2428/101/463
f 2409/101/444 2420/101/455 2428/101/463
f 2420/101/455 2419/101/454 2429/101/464
f 2419/101/454 2421/101/456 2429/101/464
f 2421/101/456 2422/101/457 2429/101/464
f 2422/101/457 2423/101/458 2429/101/464
f 2423/101/458 2424/101/459 2429/101/464
f 2424/101/459 2425/101/460 2429/101/464
f 2425/101/460 2426/101/461 2429/101/464
f 2426/101/461 2427/101/462 2429/101/464
f 2427/101/462 2428/101/463 2429/101/464
f 2428/101/463 2420/101/455 2429/101/464
f 2430/101/465 2431/101/466 2432/101/467
f 2430/101/465 2433/101/468 2431/101/466
f 2430/101/465 2434/101/469 2433/101/468
f 2430/101/465 2435/101/470 2434/101/469
f 2430/101/465 2436/101/471 2435/101/470
f 2430/101/465 2437/101/472 2436/101/471
f 2430/101/465 2438/101/473 2437/101/472
f 2430/101/465 2439/101/474 2438/101/473
f 2430/101/465 2440/101/475 2439/101/474
f 2430/101/465 2432/101/467 2440/101/475
f 2432/101/467 2431/101/466 2441/101/476
f 2432/101/467 2441/101/476 2442/101/477
f 2431/101/466 2433/101/468 2441/101/476
f 2433/101/468 2443/101/478 2441/101/476
f 2433/101/468 2434/101/469 2444/101/479
f 2433/101/468 2444/101/479 2443/101/478
f 2434/101/469 2435/101/470 2444/101/479
f 2435/101/470 2445/101/480 2444/101/479
f 2435/101/470 2436/101/471 2446/101/481
f 2435/101/470 2446/101/481 2445/101/480
f 2436/101/471 2437/101/472 2446/101/481
f 2437/101/472 2447/101/482 2446/101/481
f 2437/101/472 2438/101/473 2447/101/482
f 2438/101/473 2448/101/483 2447/101/482
f 2438/101/473 2439/101/474 2449/101/484
f 2438/101/473 2449/101/484 2448/101/483
f 2439/101/474 2440/101/475 2449/101/484
f 2440/101/475 2450/101/485 2449/101/484
f 2440/101/475 2432/101/467 2450/101/485
f 2432/101/467 2442/101/477 2450/101/485
f 2442/101/477 2441/101/476 2451/101/486
f 2441/101/476 2452/101/487 2451/101/486
f 2441/101/476 2443/101/478 2452/101/487
f 2443/101/478 2453/101/488 2452/101/487
f 2443/101/478 2444/101/479 2453/101/488
f 2444/101/479 2454/101/489 2453/101/488
f 2444/101/479 2445/101/480 2455/101/490
f 2444/101/479 2455/101/490 2454/101/489
f 2445/101/480 2446/101/481 2455/101/490
f 2446/101/481 2456/101/491 2455/101/490
f 2446/101/481 2447/101/482 2456/101/491
f 2447/101/482 2457/101/492 2456/101/491
f 2447/101/482 2448/101/483 2458/101/493
f 2447/101/482 2458/101/493 2457/101/492
f 2448/101/483 2449/101/484 2458/101/493
f 2449/101/484 2459/101/494 2458/101/493
f 2449/101/484 2450/101/485 2460/101/495
f 2449/101/484 2460/101/495 2459/101/494
f 2450/101/485 2442/101/477 2451/101/486 2460/101/495
f 2451/101/486 2452/101/487 2461/101/496
f 2452/101/487 2462/101/497 2461/101/496
f 2452/101/487 2453/101/488 2463/101/498
f 2452/101/487 2463/101/498 2462/101/497
f 2453/101/488 2454/101/489 2463/101/498
f 2454/101/489 2464/101/499 2463/101/498
f 2454/101/489 2455/101/490 2464/101/499
f 2455/101/490 2465/101/500 2464/101/499
f 2455/101/490 2456/101/491 2466/101/501
f 2455/101/490 2466/101/501 2465/101/500
f 2456/101/491 2457/101/492 2467/101/502
f 2456/101/491 2467/101/502 2466/101/501
f 2457/101/492 2458/101/493 2467/101/502
f 2458/101/493 2468/101/503 2467/101/502
f 2458/101/493 2459/101/494 2469/101/504
f 2458/101/493 2469/101/504 2468/101/503
f 2459/101/494 2460/101/495 2469/101/504
f 2460/101/495 2470/101/505 2469/101/504
f 2460/101/495 2451/101/486 2461/101/496
f 2460/101/495 2461/101/496 2470/101/505
f 2461/101/496 2462/101/497 2471/101/506
f 2461/101/496 2471/101/506 2472/101/507
f 2462/101/497 2463/101/498 2471/101/506
f 2463/101/498 2473/101/508 2471/101/506
f 2463/101/498 2464/101/499 2474/101/509
f 2463/101/498 2474/101/509 2473/101/508
f 2464/101/499 2465/101/500 2475/101/510
f 2464/101/499 2475/101/510 2474/101/509
f 2465/101/500 2466/101/501 2476/101/511
f 2465/101/500 2476/101/511 2475/101/510
f 2466/101/501 2467/101/502 2476/101/511
f 2467/101/502 2477/101/512 2476/101/511
f 2467/101/502 2468/101/503 2478/101/513
f 2467/101/502 2478/101/513 2477/101/512
f 2468/101/503 2469/101/504 2479/101/514
f 2468/101/503 2479/101/514 2478/101/513
f 2469/101/504 2470/101/505 2479/101/514
f 2470/101/505 2480/101/515 2479/101/514
f 2470/101/505 2461/101/496 2472/101/507
f 2470/101/505 2472/101/507 2480/101/515
f 2472/101/507 2471/101/506 2481/101/516
f 2472/101/507 2481/101/516 2482/101/517
f 2471/101/506 2473/101/508 2481/101/516
f 2473/101/508 2483/101/518 2481/101/516
f 2473/101/508 2474/101/509 2484/101/519
f 2473/101/508 2484/101/519 2483/101/518
f 2474/101/509 2475/101/510 2484/101/519
f 2475/101/510 2485/101/520 2484/101/519
f 2475/101/510 2476/101/511 2486/101/521
f 2475/101/510 2486/101/521 2485/101/520
f 2476/101/511 2477/101/512 2487/101/522
f 2476/101/511 2487/101/522 2486/101/521
f 2477/101/512 2478/101/513 2487/101/522
f 2478/101/513 2488/101/523 2487/101/522
f 2478/101/513 2479/101/514 2488/101/523
f 2479/101/514 2489/101/524 2488/101/523
f 2479/101/514 2480/101/515 2490/101/525
f 2479/101/514 2490/101/525 2489/101/524
f 2480/101/515 2472/101/507 2482/101/517
f 2480/101/515 2482/101/517 2490/101/525
f 2482/101/517 2481/101/516 2491/101/526
f 2481/101/516 2483/101/518 2491/101/526
f 2483/101/518 2484/101/519 2491/101/526
f 2484/101/519 2485/101/520 2491/101/526
f 2485/101/520 2486/101/521 2491/101/526
f 2486/101/521 2487/101/522 2491/101/526
f 2487/101/522 2488/101/523 2491/101/526
f 2488/101/523 2489/101/524 2491/101/526
f 2489/101/524 2490/101/525 2491/101/526
f 2490/101/525 2482/101/517 2491/101/526
o SM_Tree_A_2
g SM_Tree_A_2
usemtl MI_Palette
f 2492/100/527 2493/100/528 2494/100/528 2495/100/527
f 2493/100/528 2496/100/529 2497/100/529 2494/100/528
f 2496/100/529 2498/100/530 2499/100/530 2497/100/529
f 2498/100/530 2500/100/531 2501/100/531 2499/100/530
f 2500/100/531 2502/100/532 2503/100/532 2501/100/531
f 2502/100/532 2504/100/533 2505/100/533 2503/100/532
f 2504/100/533 2506/100/534 2507/100/534 2505/100/533
f 2506/100/534 2492/100/527 2495/100/527 2507/100/534
f 2508/101/535 2509/101/536 2510/101/537
f 2508/101/535 2511/101/538 2509/101/536
f 2508/101/535 2512/101/539 2511/101/538
f 2508/101/535 2513/101/540 2512/101/539
f 2508/101/535 2514/101/541 2513/101/540
f 2508/101/535 2515/101/542 2514/101/541
f 2508/101/535 2516/101/543 2515/101/542
f 2508/101/535 2517/101/544 2516/101/543
f 2508/101/535 2518/101/545 2517/101/544
f 2508/101/535 2510/101/537 2518/101/545
f 2510/101/537 2509/101/536 2519/101/546
f 2510/101/537 2519/101/546 2520/101/547
f 2509/101/536 2511/101/538 2519/101/546
f 2511/101/538 2521/101/548 2519/101/546
f 2511/101/538 2512/101/539 2521/101/548
f 2512/101/539 2522/101/549 2521/101/548
f 2512/101/539 2513/101/540 2522/101/549
f 2513/101/540 2523/101/550 2522/101/549
f 2513/101/540 2514/101/541 2524/101/551
f 2513/101/540 2524/101/551 2523/101/550
f 2514/101/541 2515/101/542 2525/101/552
f 2514/101/541 2525/101/552 2524/101/551
f 2515/101/542 2516/101/543 2526/101/553
f 2515/101/542 2526/101/553 2525/101/552
f 2516/101/543 2517/101/544 2526/101/553
f 2517/101/544 2527/101/554 2526/101/553
f 2517/101/544 2518/101/545 2527/101/554
f 2518/101/545 2528/101/555 2527/101/554
f 2518/101/545 2510/101/537 2520/101/547
f 2518/101/545 2520/101/547 2528/101/555
f 2520/101/547 2519/101/546 2529/101/556
f 2519/101/546 2530/101/557 2529/101/556
f 2519/101/546 2521/101/548 2530/101/557
f 2521/101/548 2531/101/558 2530/101/557
f 2521/101/548 2522/101/549 2532/101/559
f 2521/101/548 2532/101/559 2531/101/558
f 2522/101/549 2523/101/550 2533/101/560
f 2522/101/549 2533/101/560 2532/101/559
f 2523/101/550 2524/101/551 2533/101/560
f 2524/101/551 2534/101/561 2533/101/560
f 2524/101/551 2525/101/552 2535/101/562
f 2524/101/551 2535/101/562 2534/101/561
f 2525/101/552 2526/101/553 2535/101/562
f 2526/101/553 2536/101/563 2535/101/562
f 2526/101/553 2527/101/554 2536/101/563
f 2527/101/554 2537/101/564 2536/101/563
f 2527/101/554 2528/101/555 2538/101/565
f 2527/101/554 2538/101/565 2537/101/564
f 2528/101/555 2520/101/547 2538/101/565
f 2520/101/547 2529/101/556 2538/101/565
f 2529/101/556 2530/101/557 2539/101/566
f 2530/101/557 2540/101/567 2539/101/566
f 2530/101/557 2531/101/558 2541/101/568
f 2530/101/557 2541/101/568 2540/101/567
f 2531/101/558 2532/101/559 2542/101/569
f 2531/101/558 2542/101/569 2541/101/568
f 2532/101/559 2533/101/560 2542/101/569
f 2533/101/560 2543/101/570 2542/101/569
f 2533/101/560 2534/101/561 2544/101/571
f 2533/101/560 2544/101/571 2543/101/570
f 2534/101/561 2535/101/562 2544/101/571
f 2535/101/562 2545/101/572 2544/101/571
f 2535/101/562 2536/101/563 2546/101/573
f 2535/101/562 2546/101/573 2545/101/572
f 2536/101/563 2537/101/564 2547/101/574
f 2536/101/563 2547/101/574 2546/101/573
f 2537/101/564 2538/101/565 2547/101/574
f 2538/101/565 2548/101/575 2547/101/574
f 2538/101/565 2529/101/556 2539/101/566
f 2538/101/565 2539/101/566 2548/101/575
f 2539/101/566 2540/101/567 2549/101/576
f 2539/101/566 2549/101/576 2550/101/577
f 2540/101/567 2541/101/568 2551/101/578
f 2540/101/567 2551/101/578 2549/101/576
f 2541/101/568 2542/101/569 2551/101/578
f 2542/101/569 2552/101/579 2551/101/578
f 2542/101/569 2543/101/570 2553/101/580
f 2542/101/569 2553/101/580 2552/101/579
f 2543/101/570 2544/101/571 2553/101/580
f 2544/101/571 2554/101/581 2553/101/580
f 2544/101/571 2545/101/572 2554/101/581
f 2545/101/572 2555/101/582 2554/101/581
f 2545/101/572 2546/101/573 2556/101/583
f 2545/101/572 2556/101/583 2555/101/582
f 2546/101/573 2547/101/574 2556/101/583
f 2547/101/574 2557/101/584 2556/101/583
f 2547/101/574 2548/101/575 2558/101/585
f 2547/101/574 2558/101/585 2557/101/584
f 2548/101/575 2539/101/566 2558/101/585
f 2539/101/566 2550/101/577 2558/101/585
f 2550/101/577 2549/101/576 2559/101/586
f 2550/101/577 2559/101/586 2560/101/587
f 2549/101/576 2551/101/578 2559/101/586
f 2551/101/578 2561/101/588 2559/101/586
f 2551/101/578 2552/101/579 2562/101/589
f 2551/101/578 2562/101/589 2561/101/588
f 2552/101/579 2553/101/580 2562/101/589
f 2553/101/580 2563/101/590 2562/101/589
f 2553/101/580 2554/101/581 2564/101/591
f 2553/101/580 2564/101/591 2563/101/590
f 2554/101/581 2555/101/582 2565/101/592
f 2554/101/581 2565/101/592 2564/101/591
f 2555/101/582 2556/101/583 2565/101/592
f 2556/101/583 2566/101/593 2565/101/592
f 2556/101/583 2557/101/584 2566/101/593
f 2557/101/584 2567/101/594 2566/101/593
f 2557/101/584 2558/101/585 2567/101/594
f 2558/101/585 2568/101/595 2567/101/594
f 2558/101/585 2550/101/577 2560/101/587
f 2558/101/585 2560/101/587 2568/101/595
f 2560/101/587 2559/101/586 2569/101/596
f 2559/101/586 2561/101/588 2569/101/596
f 2561/101/588 2562/101/589 2569/101/596
f 2562/101/589 2563/101/590 2569/101/596
f 2563/101/590 2564/101/591 2569/101/596
f 2564/101/591 2565/101/592 2569/101/596
f 2565/101/592 2566/101/593 2569/101/596
f 2566/101/593 2567/101/594 2569/101/596
f 2567/101/594 2568/101/595 2569/101/596
f 2568/101/595 2560/101/587 2569/101/596
f 2570/101/597 2571/101/598 2572/101/599
f 2570/101/597 2573/101/600 2571/101/598
f 2570/101/597 2574/101/601 2573/101/600
f 2570/101/597 2575/101/602 2574/101/601
f 2570/101/597 2576/101/603 2575/101/602
f 2570/101/597 2577/101/604 2576/101/603
f 2570/101/597 2578/101/605 2577/101/604
f 2570/101/597 2579/101/606 2578/101/605
f 2570/101/597 2580/101/607 2579/101/606
f 2570/101/597 2572/101/599 2580/101/607
f 2572/101/599 2571/101/598 2581/101/608
f 2571/101/598 2582/101/609 2581/101/608
f 2571/101/598 2573/101/600 2582/101/609
f 2573/101/600 2583/101/610 2582/101/609
f 2573/101/600 2574/101/601 2584/101/611
f 2573/101/600 2584/101/611 2583/101/610
f 2574/101/601 2575/101/602 2585/101/612
f 2574/101/601 2585/101/612 2584/101/611
f 2575/101/602 2576/101/603 2585/101/612
f 2576/101/603 2586/101/613 2585/101/612
f 2576/101/603 2577/101/604 2587/101/614
f 2576/101/603 2587/101/614 2586/101/613
f 2577/101/604 2578/101/605 2587/101/614
f 2578/101/605 2588/101/615 2587/101/614
f 2578/101/605 2579/101/606 2589/101/616
f 2578/101/605 2589/101/616 2588/101/615
f 2579/101/606 2580/101/607 2589/101/616
f 2580/101/607 2590/101/617 2589/101/616
f 2580/101/607 2572/101/599 2581/101/608
f 2580/101/607 2581/101/608 2590/101/617
f 2581/101/608 2582/101/609 2591/101/618
f 2582/101/609 2592/101/619 2591/101/618
f 2582/101/609 2583/101/610 2593/101/620
f 2582/101/609 2593/101/620 2592/101/619
f 2583/101/610 2584/101/611 2593/101/620
f 2584/101/611 2594/101/621 2593/101/620
f 2584/101/611 2585/101/612 2594/101/621
f 2585/101/612 2595/101/622 2594/101/621
f 2585/101/612 2586/101/613 2596/101/623
f 2585/101/612 2596/101/623 2595/101/622
f 2586/101/613 2587/101/614 2596/101/623
f 2587/101/614 2597/101/624 2596/101/623
f 2587/101/614 2588/101/615 2598/101/625
f 2587/101/614 2598/101/625 2597/101/624
f 2588/101/615 2589/101/616 2598/101/625
f 2589/101/616 2599/101/626 2598/101/625
f 2589/101/616 2590/101/617 2600/101/627
f 2589/101/616 2600/101/627 2599/101/626
f 2590/101/617 2581/101/608 2591/101/618
f 2590/101/617 2591/101/618 2600/101/627
f 2591/101/618 2592/101/619 2601/101/628
f 2591/101/618 2601/101/628 2602/101/629
f 2592/101/619 2593/101/620 2601/101/628
f 2593/101/620 2603/101/630 2601/101/628
f 2593/101/620 2594/101/621 2604/101/631
f 2593/101/620 2604/101/631 2603/101/630
f 2594/101/621 2595/101/622 2604/101/631
f 2595/101/622 2605/101/632 2604/101/631
f 2595/101/622 2596/101/623 2606/101/633
f 2595/101/622 2606/101/633 2605/101/632
f 2596/101/623 2597/101/624 2606/101/633
f 2597/101/624 2607/101/634 2606/101/633
f 2597/101/624 2598/101/625 2608/101/635
f 2597/101/624 2608/101/635 2607/101/634
f 2598/101/625 2599/101/626 2609/101/636
f 2598/101/625 2609/101/636 2608/101/635
f 2599/101/626 2600/101/627 2609/101/636
f 2600/101/627 2610/101/637 2609/101/636
f 2600/101/627 2591/101/618 2610/101/637
f 2591/101/618 2602/101/629 2610/101/637
f 2602/101/629 2601/101/628 2611/101/638
f 2601/101/628 2612/101/639 2611/101/638
f 2601/101/628 2603/101/630 2612/101/639
f 2603/101/630 2613/101/640 2612/101/639
f 2603/101/630 2604/101/631 2613/101/640
f 2604/101/631 2614/101/641 2613/101/640
f 2604/101/631 2605/101/632 2615/101/642
f 2604/101/631 2615/101/642 2614/101/641
f 2605/101/632 2606/101/633 2615/101/642
f 2606/101/633 2616/101/643 2615/101/642
f 2606/101/633 2607/101/634 2617/101/644
f 2606/101/633 2617/101/644 2616/101/643
f 2607/101/634 2608/101/635 2617/101/644
f 2608/101/635 2618/101/645 2617/101/644
f 2608/101/635 2609/101/636 2619/101/646
f 2608/101/635 2619/101/646 2618/101/645
f 2609/101/636 2610/101/637 2620/101/647
f 2609/101/636 2620/101/647 2619/101/646
f 2610/101/637 2602/101/629 2611/101/638
f 2610/101/637 2611/101/638 2620/101/647
f 2611/101/638 2612/101/639 2621/101/648
f 2612/101/639 2622/101/649 2621/101/648
f 2612/101/639 2613/101/640 2623/101/650
f 2612/101/639 2623/101/650 2622/101/649
f 2613/101/640 2614/101/641 2624/101/651
f 2613/101/640 2624/101/651 2623/101/650
f 2614/101/641 2615/101/642 2624/101/651
f 2615/101/642 2625/101/652 2624/101/651
f 2615/101/642 2616/101/643 2626/101/653
f 2615/101/642 2626/101/653 2625/101/652
f 2616/101/643 2617/101/644 2626/101/653
f 2617/101/644 2627/101/654 2626/101/653
f 2617/101/644 2618/101/645 2628/101/655
f 2617/101/644 2628/101/655 2627/101/654
f 2618/101/645 2619/101/646 2628/101/655
f 2619/101/646 2629/101/656 2628/101/655
f 2619/101/646 2620/101/647 2629/101/656
f 2620/101/647 2630/101/657 2629/101/656
f 2620/101/647 2611/101/638 2621/101/648
f 2620/101/647 2621/101/648 2630/101/657
f 2621/101/648 2622/101/649 2631/101/658
f 2622/101/649 2623/101/650 2631/101/658
f 2623/101/650 2624/101/651 2631/101/658
f 2624/101/651 2625/101/652 2631/101/658
f 2625/101/652 2626/101/653 2631/101/658
f 2626/101/653 2627/101/654 2631/101/658
f 2627/101/654 2628/101/655 2631/101/658
f 2628/101/655 2629/101/656 2631/101/658
f 2629/101/656 2630/101/657 2631/101/658
f 2630/101/657 2621/101/648 2631/101/658
f 2632/101/659 2633/101/660 2634/101/661
f 2632/101/659 2635/101/662 2633/101/660
f 2632/101/659 2636/101/663 2635/101/662
f 2632/101/659 2637/101/664 2636/101/663
f 2632/101/659 2638/101/665 2637/101/664
f 2632/101/659 2639/101/666 2638/101/665
f 2632/101/659 2640/101/667 2639/101/666
f 2632/101/659 2641/101/668 2640/101/667
f 2632/101/659 2642/101/669 2641/101/668
f 2632/101/659 2634/101/661 2642/101/669
f 2634/101/661 2633/101/660 2643/101/670
f 2633/101/660 2644/101/671 2643/101/670
f 2633/101/660 2635/101/662 2645/101/672
f 2633/101/660 2645/101/672 2644/101/671
f 2635/101/662 2636/101/663 2646/101/673
f 2635/101/662 2646/101/673 2645/101/672
f 2636/101/663 2637/101/664 2646/101/673
f 2637/101/664 2647/101/674 2646/101/673
f 2637/101/664 2638/101/665 2648/101/675
f 2637/101/664 2648/101/675 2647/101/674
f 2638/101/665 2639/101/666 2648/101/675
f 2639/101/666 2649/101/676 2648/101/675
f 2639/101/666 2640/101/667 2649/101/676
f 2640/101/667 2650/101/677 2649/101/676
f 2640/101/667 2641/101/668 2651/101/678
f 2640/101/667 2651/101/678 2650/101/677
f 2641/101/668 2642/101/669 2651/101/678
f 2642/101/669 2652/101/679 2651/101/678
f 2642/101/669 2634/101/661 2643/101/670
f 2642/101/669 2643/101/670 2652/101/679
f 2643/101/670 2644/101/671 2653/101/680
f 2643/101/670 2653/101/680 2654/101/681
f 2644/101/671 2645/101/672 2653/101/680
f 2645/101/672 2655/101/682 2653/101/680
f 2645/101/672 2646/101/673 2655/101/682
f 2646/101/673 2656/101/683 2655/101/682
f 2646/101/673 2647/101/674 2657/101/684
f 2646/101/673 2657/101/684 2656/101/683
f 2647/101/674 2648/101/675 2657/101/684
f 2648/101/675 2658/101/685 2657/101/684
f 2648/101/675 2649/101/676 2659/101/686
f 2648/101/675 2659/101/686 2658/101/685
f 2649/101/676 2650/101/677 2659/101/686
f 2650/101/677 2660/101/687 2659/101/686
f 2650/101/677 2651/101/678 2660/101/687
f 2651/101/678 2661/101/688 2660/101/687
f 2651/101/678 2652/101/679 2662/101/689
f 2651/101/678 2662/101/689 2661/101/688
f 2652/101/679 2643/101/670 2662/101/689
f 2643/101/670 2654/101/681 2662/101/689
f 2654/101/681 2653/101/680 2663/101/690
f 2653/101/680 2664/101/691 2663/101/690
f 2653/101/680 2655/101/682 2665/101/692
f 2653/101/680 2665/101/692 2664/101/691
f 2655/101/682 2656/101/683 2666/101/693
f 2655/101/682 2666/101/693 2665/101/692
f 2656/101/683 2657/101/684 2666/101/693
f 2657/101/684 2667/101/694 2666/101/693
f 2657/101/684 2658/101/685 2668/101/695
f 2657/101/684 2668/101/695 2667/101/694
f 2658/101/685 2659/101/686 2668/101/695
f 2659/101/686 2669/101/696 2668/101/695
f 2659/101/686 2660/101/687 2670/101/697
f 2659/101/686 2670/101/697 2669/101/696
f 2660/101/687 2661/101/688 2670/101/697
f 2661/101/688 2671/101/698 2670/101/697
f 2661/101/688 2662/101/689 2671/101/698
f 2662/101/689 2672/101/699 2671/101/698
f 2662/101/689 2654/101/681 2672/101/699
f 2654/101/681 2663/101/690 2672/101/699
f 2663/101/690 2664/101/691 2673/101/700
f 2663/101/690 2673/101/700 2674/101/701
f 2664/101/691 2665/101/692 2673/101/700
f 2665/101/692 2675/101/702 2673/101/700
f 2665/101/692 2666/101/693 2676/101/703
f 2665/101/692 2676/101/703 2675/101/702
f 2666/101/693 2667/101/694 2676/101/703
f 2667/101/694 2677/101/704 2676/101/703
f 2667/101/694 2668/101/695 2678/101/705
f 2667/101/694 2678/101/705 2677/101/704
f 2668/101/695 2669/101/696 2678/101/705
f 2669/101/696 2679/101/706 2678/101/705
f 2669/101/696 2670/101/697 2679/101/706
f 2670/101/697 2680/101/707 2679/101/706
f 2670/101/697 2671/101/698 2681/101/708
f 2670/101/697 2681/101/708 2680/101/707
f 2671/101/698 2672/101/699 2681/101/708
f 2672/101/699 2682/101/709 2681/101/708
f 2672/101/699 2663/101/690 2674/101/701
f 2672/101/699 2674/101/701 2682/101/709
f 2674/101/701 2673/101/700 2683/101/710
f 2673/101/700 2684/101/711 2683/101/710
f 2673/101/700 2675/101/702 2685/101/712
f 2673/101/700 2685/101/712 2684/101/711
f 2675/101/702 2676/101/703 2685/101/712
f 2676/101/703 2686/101/713 2685/101/712
f 2676/101/703 2677/101/704 2687/101/714
f 2676/101/703 2687/101/714 2686/101/713
f 2677/101/704 2678/101/705 2687/101/714
f 2678/101/705 2688/101/715 2687/101/714
f 2678/101/705 2679/101/706 2688/101/715
f 2679/101/706 2689/101/716 2688/101/715
f 2679/101/706 2680/101/707 2690/101/717
f 2679/101/706 2690/101/717 2689/101/716
f 2680/101/707 2681/101/708 2690/101/717
f 2681/101/708 2691/101/718 2690/101/717
f 2681/101/708 2682/101/709 2691/101/718
f 2682/101/709 2692/101/719 2691/101/718
f 2682/101/709 2674/101/701 2683/101/710
f 2682/101/709 2683/101/710 2692/101/719
f 2683/101/710 2684/101/711 2693/101/720
f 2684/101/711 2685/101/712 2693/101/720
f 2685/101/712 2686/101/713 2693/101/720
f 2686/101/713 2687/101/714 2693/101/720
f 2687/101/714 2688/101/715 2693/101/720
f 2688/101/715 2689/101/716 2693/101/720
f 2689/101/716 2690/101/717 2693/101/720
f 2690/101/717 2691/101/718 2693/101/720
f 2691/101/718 2692/101/719 2693/101/720
f 2692/101/719 2683/101/710 2693/101/720
o SM_Van_Park
g SM_Van_Park
usemtl MI_CarBody_Gri
f 2694/17/721 2695/17/722 2696/17/723 2697/17/724
f 2695/17/722 2698/17/725 2699/17/726 2696/17/727
f 2698/17/725 2700/17/728 2701/17/729 2699/17/726
f 2700/17/728 2702/17/730 2703/17/731 2701/17/729
f 2702/17/730 2704/17/732 2705/17/733 2703/17/731
f 2704/17/732 2706/17/732 2707/17/734 2705/17/733
f 2706/17/732 2708/17/732 2709/17/733 2707/17/734
f 2708/17/732 2710/17/735 2711/17/736 2709/17/733
f 2710/17/735 2712/17/737 2713/17/738 2711/17/736
f 2712/17/737 2714/17/739 2715/17/740 2713/17/738
f 2714/17/739 2716/17/741 2717/17/742 2715/17/740
f 2716/17/741 2718/17/743 2719/17/744 2717/17/745
f 2697/17/746 2696/17/727 2720/17/747 2721/17/748
f 2696/17/749 2699/17/726 2722/17/750 2720/17/747
f 2699/17/726 2701/17/729 2723/17/751 2722/17/750
f 2701/17/729 2703/17/731 2724/17/752 2723/17/751
f 2703/17/731 2705/17/733 2725/17/753 2724/17/752
f 2705/17/733 2707/17/734 2726/17/754 2725/17/753
f 2707/17/734 2709/17/733 2727/17/753 2726/17/754
f 2709/17/733 2711/17/736 2728/17/755 2727/17/753
f 2711/17/736 2713/17/738 2729/17/756 2728/17/755
f 2713/17/738 2715/17/740 2730/17/757 2729/17/756
f 2715/17/740 2717/17/758 2731/17/759 2730/17/757
f 2717/17/742 2719/17/760 2732/17/761 2731/17/759
f 2721/17/762 2720/17/763 2733/17/764 2734/17/765
f 2720/17/747 2722/17/750 2735/17/766 2733/17/4
f 2722/17/750 2723/17/751 2736/17/767 2735/17/766
f 2723/17/751 2724/17/752 2737/17/768 2736/17/767
f 2724/17/752 2725/17/753 2738/17/1 2737/17/768
f 2725/17/753 2726/17/754 2739/17/1 2738/17/1
f 2726/17/754 2727/17/753 2740/17/1 2739/17/1
f 2727/17/753 2728/17/755 2741/17/769 2740/17/1
f 2728/17/755 2729/17/756 2742/17/770 2741/17/769
f 2729/17/756 2730/17/757 2743/17/771 2742/17/770
f 2730/17/757 2731/17/759 2744/17/5 2743/17/771
f 2731/17/772 2732/17/773 2745/17/774 2744/17/775
f 2734/17/765 2733/17/764 2746/17/776 2747/17/777
f 2733/17/4 2735/17/766 2748/17/778 2746/17/779
f 2735/17/766 2736/17/767 2749/17/767 2748/17/778
f 2736/17/767 2737/17/768 2750/17/768 2749/17/767
f 2737/17/768 2738/17/1 2751/17/1 2750/17/768
f 2738/17/1 2739/17/1 2752/17/1 2751/17/1
f 2739/17/1 2740/17/1 2753/17/1 2752/17/1
f 2740/17/1 2741/17/769 2754/17/769 2753/17/1
f 2741/17/769 2742/17/770 2755/17/770 2754/17/769
f 2742/17/770 2743/17/771 2756/17/780 2755/17/770
f 2743/17/771 2744/17/5 2757/17/781 2756/17/780
f 2744/17/775 2745/17/774 2758/17/782 2757/17/783
f 2747/17/777 2746/17/784 2759/17/785 2760/17/786
f 2746/17/779 2748/17/778 2761/17/787 2759/17/785
f 2748/17/778 2749/17/767 2762/17/767 2761/17/787
f 2749/17/767 2750/17/768 2763/17/768 2762/17/767
f 2750/17/768 2751/17/1 2764/17/1 2763/17/768
f 2751/17/1 2752/17/1 2765/17/1 2764/17/1
f 2752/17/1 2753/17/1 2766/17/1 2765/17/1
f 2753/17/1 2754/17/769 2767/17/769 2766/17/1
f 2754/17/769 2755/17/770 2768/17/770 2767/17/769
f 2755/17/770 2756/17/780 2769/17/788 2768/17/770
f 2756/17/780 2757/17/781 2770/17/789 2769/17/788
f 2757/17/790 2758/17/782 2771/17/791 2770/17/789
f 2760/17/786 2759/17/785 2772/17/792 2773/17/793
f 2759/17/785 2761/17/787 2774/17/778 2772/17/794
f 2761/17/787 2762/17/767 2775/17/767 2774/17/778
f 2762/17/767 2763/17/768 2776/17/768 2775/17/767
f 2763/17/768 2764/17/1 2777/17/1 2776/17/768
f 2764/17/1 2765/17/1 2778/17/1 2777/17/1
f 2765/17/1 2766/17/1 2779/17/1 2778/17/1
f 2766/17/1 2767/17/769 2780/17/769 2779/17/1
f 2767/17/769 2768/17/770 2781/17/770 2780/17/769
f 2768/17/770 2769/17/788 2782/17/780 2781/17/770
f 2769/17/788 2770/17/789 2783/17/795 2782/17/780
f 2770/17/789 2771/17/791 2784/17/796 2783/17/797
f 2773/17/793 2772/17/798 2785/17/799 2786/17/800
f 2772/17/794 2774/17/778 2787/17/766 2785/17/4
f 2774/17/778 2775/17/767 2788/17/767 2787/17/766
f 2775/17/767 2776/17/768 2789/17/768 2788/17/767
f 2776/17/768 2777/17/1 2790/17/1 2789/17/768
f 2777/17/1 2778/17/1 2791/17/1 2790/17/1
f 2778/17/1 2779/17/1 2792/17/1 2791/17/1
f 2779/17/1 2780/17/769 2793/17/769 2792/17/1
f 2780/17/769 2781/17/770 2794/17/770 2793/17/769
f 2781/17/770 2782/17/780 2795/17/771 2794/17/770
f 2782/17/780 2783/17/795 2796/17/5 2795/17/771
f 2783/17/801 2784/17/796 2797/17/802 2796/17/803
f 2786/17/800 2785/17/799 2798/17/804 2799/17/805
f 2785/17/4 2787/17/766 2800/17/806 2798/17/807
f 2787/17/766 2788/17/767 2801/17/767 2800/17/806
f 2788/17/767 2789/17/768 2802/17/768 2801/17/767
f 2789/17/768 2790/17/1 2803/17/1 2802/17/768
f 2790/17/1 2791/17/1 2804/17/1 2803/17/1
f 2791/17/1 2792/17/1 2805/17/1 2804/17/1
f 2792/17/1 2793/17/769 2806/17/769 2805/17/1
f 2793/17/769 2794/17/770 2807/17/770 2806/17/769
f 2794/17/770 2795/17/771 2808/17/808 2807/17/770
f 2795/17/771 2796/17/5 2809/17/809 2808/17/808
f 2796/17/803 2797/17/802 2810/17/810 2809/17/811
f 2799/17/786 2798/17/807 2811/17/812 2812/17/786
f 2798/17/807 2800/17/806 2813/17/813 2811/17/812
f 2800/17/806 2801/17/767 2814/17/767 2813/17/813
f 2801/17/767 2802/17/768 2815/17/768 2814/17/767
f 2802/17/768 2803/17/1 2816/17/1 2815/17/768
f 2803/17/1 2804/17/1 2817/17/1 2816/17/1
f 2804/17/1 2805/17/1 2818/17/1 2817/17/1
f 2805/17/1 2806/17/769 2819/17/769 2818/17/1
f 2806/17/769 2807/17/770 2820/17/770 2819/17/769
f 2807/17/770 2808/17/808 2821/17/814 2820/17/770
f 2808/17/808 2809/17/809 2822/17/815 2821/17/814
f 2809/17/809 2810/17/791 2823/17/791 2822/17/815
f 2812/17/786 2811/17/812 2824/17/812 2825/17/786
f 2811/17/812 2813/17/813 2826/17/816 2824/17/812
f 2813/17/813 2814/17/767 2827/17/817 2826/17/816
f 2814/17/767 2815/17/768 2828/17/818 2827/17/817
f 2815/17/768 2816/17/1 2829/17/819 2828/17/818
f 2816/17/1 2817/17/1 2830/17/819 2829/17/819
f 2817/17/1 2818/17/1 2831/17/819 2830/17/819
f 2818/17/1 2819/17/769 2832/17/820 2831/17/819
f 2819/17/769 2820/17/770 2833/17/821 2832/17/820
f 2820/17/770 2821/17/814 2834/17/822 2833/17/821
f 2821/17/814 2822/17/815 2835/17/815 2834/17/822
f 2822/17/815 2823/17/791 2836/17/791 2835/17/815
f 2825/17/786 2824/17/812 2837/17/823 2838/17/786
f 2824/17/812 2826/17/816 2839/17/824 2837/17/823
f 2826/17/816 2827/17/817 2840/17/825 2839/17/824
f 2827/17/817 2828/17/818 2841/17/826 2840/17/827
f 2828/17/818 2829/17/819 2842/17/828 2841/17/826
f 2829/17/819 2830/17/819 2843/17/829 2842/17/828
f 2830/17/819 2831/17/819 2844/17/828 2843/17/829
f 2831/17/819 2832/17/820 2845/17/830 2844/17/828
f 2832/17/820 2833/17/821 2846/17/831 2845/17/830
f 2833/17/821 2834/17/822 2847/17/832 2846/17/833
f 2834/17/822 2835/17/815 2848/17/834 2847/17/832
f 2835/17/815 2836/17/791 2849/17/791 2848/17/834
f 2838/17/762 2837/17/763 2850/17/835 2851/17/836
f 2837/17/823 2839/17/824 2852/17/837 2850/17/4
f 2839/17/824 2840/17/827 2853/17/838 2852/17/837
f 2840/17/839 2841/17/826 2854/17/840 2853/17/838
f 2841/17/826 2842/17/828 2855/17/841 2854/17/840
f 2842/17/828 2843/17/829 2856/17/842 2855/17/841
f 2843/17/829 2844/17/828 2857/17/841 2856/17/842
f 2844/17/828 2845/17/830 2858/17/843 2857/17/841
f 2845/17/830 2846/17/844 2859/17/845 2858/17/843
f 2846/17/831 2847/17/832 2860/17/846 2859/17/845
f 2847/17/832 2848/17/834 2861/17/5 2860/17/846
f 2848/17/772 2849/17/773 2862/17/847 2861/17/848
f 2851/17/836 2850/17/835 2863/17/849 2864/17/850
f 2850/17/4 2852/17/837 2865/17/851 2863/17/852
f 2852/17/837 2853/17/838 2866/17/853 2865/17/851
f 2853/17/838 2854/17/840 2867/17/854 2866/17/855
f 2854/17/840 2855/17/841 2868/17/856 2867/17/854
f 2855/17/841 2856/17/842 2869/17/856 2868/17/856
f 2856/17/842 2857/17/841 2870/17/856 2869/17/856
f 2857/17/841 2858/17/843 2871/17/857 2870/17/856
f 2858/17/843 2859/17/845 2872/17/858 2871/17/857
f 2859/17/845 2860/17/846 2873/17/859 2872/17/860
f 2860/17/846 2861/17/5 2874/17/861 2873/17/859
f 2861/17/848 2862/17/847 2875/17/862 2874/17/863
f 2864/17/864 2863/17/865 2876/17/866 2877/17/867
f 2863/17/852 2865/17/851 2878/17/868 2876/17/866
f 2865/17/851 2866/17/855 2879/17/869 2878/17/868
f 2866/17/870 2867/17/854 2880/17/871 2879/17/869
f 2867/17/854 2868/17/856 2881/17/872 2880/17/871
f 2868/17/856 2869/17/856 2882/17/873 2881/17/872
f 2869/17/856 2870/17/856 2883/17/872 2882/17/873
f 2870/17/856 2871/17/857 2884/17/874 2883/17/872
f 2871/17/857 2872/17/875 2885/17/876 2884/17/874
f 2872/17/858 2873/17/859 2886/17/877 2885/17/876
f 2873/17/859 2874/17/861 2887/17/878 2886/17/877
f 2874/17/879 2875/17/880 2888/17/881 2887/17/878
f 2877/17/882 2876/17/883 2889/17/884 2890/17/885
f 2876/17/886 2878/17/868 2891/17/887 2889/17/888
f 2878/17/868 2879/17/869 2892/17/889 2891/17/887
f 2879/17/869 2880/17/871 2893/17/890 2892/17/891
f 2880/17/871 2881/17/872 2894/17/892 2893/17/890
f 2881/17/872 2882/17/873 2894/17/892
f 2882/17/873 2895/17/893 2894/17/892
f 2882/17/873 2883/17/872 2896/17/894
f 2882/17/873 2896/17/894 2895/17/893
f 2883/17/872 2884/17/874 2897/17/895 2896/17/894
f 2884/17/874 2885/17/876 2898/17/896 2897/17/895
f 2885/17/876 2886/17/877 2899/17/897 2898/17/898
f 2886/17/877 2887/17/899 2900/17/900 2899/17/897
f 2887/17/901 2888/17/902 2901/17/903 2900/17/904
f 2890/17/905 2889/17/884 2902/17/906 2903/17/907
f 2889/17/888 2891/17/887 2904/17/908 2902/17/909
f 2891/17/887 2892/17/910 2905/17/911 2904/17/908
f 2892/17/889 2893/17/890 2906/17/912 2905/17/911
f 2893/17/890 2894/17/892 2907/17/913 2906/17/912
f 2894/17/892 2895/17/893 2907/17/913
f 2895/17/893 2908/17/914 2907/17/913
f 2895/17/893 2896/17/894 2909/17/915
f 2895/17/893 2909/17/915 2908/17/914
f 2896/17/894 2897/17/895 2910/17/916 2909/17/915
f 2897/17/895 2898/17/898 2911/17/917 2910/17/916
f 2898/17/918 2899/17/897 2912/17/919 2911/17/917
f 2899/17/897 2900/17/900 2913/17/920 2912/17/919
f 2900/17/904 2901/17/921 2914/17/922 2913/17/923
f 2903/17/924 2902/17/909 2915/17/925 2916/17/926
f 2902/17/909 2904/17/908 2917/17/927 2915/17/925
f 2904/17/908 2905/17/911 2918/17/928 2917/17/927
f 2905/17/911 2906/17/912 2919/17/929 2918/17/928
f 2906/17/912 2907/17/913 2920/17/930 2919/17/929
f 2907/17/913 2908/17/914 2920/17/930
f 2908/17/914 2921/17/931 2920/17/930
f 2908/17/914 2909/17/915 2922/17/932
f 2908/17/914 2922/17/932 2921/17/931
f 2909/17/915 2910/17/916 2923/17/933 2922/17/932
f 2910/17/916 2911/17/917 2924/17/934 2923/17/933
f 2911/17/917 2912/17/919 2925/17/935 2924/17/934
f 2912/17/919 2913/17/920 2926/17/936 2925/17/935
f 2913/17/920 2914/17/937 2927/17/938 2926/17/936
f 2916/17/939 2915/17/925 2928/17/940 2929/17/941
f 2915/17/925 2917/17/927 2930/17/942 2928/17/943
f 2917/17/927 2918/17/928 2931/17/944 2930/17/942
f 2918/17/928 2919/17/929 2932/17/945 2931/17/944
f 2919/17/929 2920/17/930 2933/17/946 2932/17/945
f 2920/17/930 2921/17/931 2933/17/946
f 2921/17/931 2934/17/947 2933/17/946
f 2921/17/931 2922/17/932 2935/17/948
f 2921/17/931 2935/17/948 2934/17/947
f 2922/17/932 2923/17/933 2936/17/949 2935/17/948
f 2923/17/933 2924/17/934 2937/17/950 2936/17/949
f 2924/17/934 2925/17/935 2938/17/951 2937/17/950
f 2925/17/935 2926/17/936 2939/17/952 2938/17/951
f 2926/17/936 2927/17/953 2940/17/954 2939/17/955
f 2929/17/956 2928/17/957 2941/17/958 2942/17/959
f 2928/17/940 2930/17/942 2943/17/960 2941/17/958
f 2930/17/942 2931/17/944 2944/17/961 2943/17/960
f 2931/17/944 2932/17/945 2945/17/962 2944/17/961
f 2932/17/945 2933/17/946 2946/17/963 2945/17/962
f 2933/17/946 2934/17/947 2946/17/963
f 2934/17/947 2947/17/964 2946/17/963
f 2934/17/947 2935/17/948 2948/17/965
f 2934/17/947 2948/17/965 2947/17/964
f 2935/17/948 2936/17/949 2949/17/966 2948/17/965
f 2936/17/949 2937/17/950 2950/17/967 2949/17/966
f 2937/17/950 2938/17/951 2951/17/968 2950/17/967
f 2938/17/951 2939/17/955 2952/17/969 2951/17/968
f 2939/17/970 2940/17/971 2953/17/972 2952/17/969
f 2718/17/2 2716/17/2 2714/17/2 2712/17/2 2710/17/2 2708/17/2 2706/17/2 2704/17/2 2702/17/2 2700/17/2 2698/17/2 2695/17/2 2694/17/2
f 2953/17/3 2942/17/3 2941/17/3
f 2953/17/3 2941/17/3 2943/17/3
f 2953/17/3 2943/17/3 2944/17/3
f 2953/17/3 2944/17/3 2945/17/3
f 2953/17/3 2945/17/3 2946/17/3
f 2953/17/3 2946/17/3 2947/17/3
f 2953/17/3 2947/17/3 2948/17/3
f 2953/17/3 2948/17/3 2949/17/3
f 2953/17/3 2949/17/3 2950/17/3
f 2953/17/3 2950/17/3 2951/17/3
f 2951/17/3 2952/17/3 2953/17/3
usemtl MI_Palette
f 2718/99/743 2694/99/721 2697/99/973 2719/99/974
f 2719/99/975 2697/99/976 2721/99/748 2732/99/761
f 2732/99/773 2721/99/762 2734/99/765 2745/99/774
f 2745/99/774 2734/99/765 2747/99/777 2758/99/782
f 2758/99/782 2747/99/777 2760/99/786 2771/99/791
f 2771/99/791 2760/99/786 2773/99/793 2784/99/796
f 2784/99/796 2773/99/793 2786/99/800 2797/99/802
f 2797/99/802 2786/99/800 2799/99/805 2810/99/810
f 2810/99/791 2799/99/786 2812/99/786 2823/99/791
f 2823/99/791 2812/99/786 2825/99/786 2836/99/791
f 2836/99/791 2825/99/786 2838/99/786 2849/99/791
f 2849/99/773 2838/99/762 2851/99/836 2862/99/847
f 2862/99/847 2851/99/836 2864/99/977 2875/99/978
f 2875/99/862 2864/99/850 2877/99/979 2888/99/980
f 2888/99/981 2877/99/982 2890/99/905 2901/99/921
f 2901/99/983 2890/99/984 2903/99/907 2914/99/922
f 2914/99/937 2903/99/924 2916/99/985 2927/99/986
f 2927/99/938 2916/99/926 2929/99/987 2940/99/988
f 2940/99/954 2929/99/941 2942/99/959 2953/99/972
f 2954/99/3 2955/99/3 2956/99/3 2957/99/3
f 2958/96/989 2959/96/990 2960/96/990 2961/96/989
f 2959/96/990 2962/96/991 2963/96/991 2960/96/990
f 2962/96/991 2964/96/992 2965/96/992 2963/96/991
f 2964/96/992 2966/96/993 2967/96/993 2965/96/992
f 2966/96/993 2968/96/994 2969/96/994 2967/96/993
f 2968/96/994 2970/96/995 2971/96/995 2969/96/994
f 2970/96/995 2972/96/996 2973/96/996 2971/96/995
f 2972/96/996 2958/96/989 2961/96/989 2973/96/996
f 2972/96/3 2970/96/3 2968/96/3 2966/96/3 2964/96/3 2962/96/3 2959/96/3 2958/96/3
f 2974/17/2 2975/17/2 2976/17/2 2977/17/2
f 2978/96/989 2979/96/990 2980/96/990 2981/96/989
f 2979/96/990 2982/96/991 2983/96/991 2980/96/990
f 2982/96/991 2984/96/992 2985/96/992 2983/96/991
f 2984/96/992 2986/96/993 2987/96/993 2985/96/992
f 2986/96/993 2988/96/994 2989/96/994 2987/96/993
f 2988/96/994 2990/96/995 2991/96/995 2989/96/994
f 2990/96/995 2992/96/996 2993/96/996 2991/96/995
f 2992/96/996 2978/96/989 2981/96/989 2993/96/996
f 2992/96/3 2990/96/3 2988/96/3 2986/96/3 2984/96/3 2982/96/3 2979/96/3 2978/96/3
f 2994/17/2 2995/17/2 2996/17/2 2997/17/2
f 2998/99/4 2999/99/4 3000/99/4 3001/99/4 3002/99/4 3003/99/4 3004/99/4
f 3005/99/5 3006/99/5 3007/99/5 3008/99/5 3009/99/5 3010/99/5 3011/99/5
f 3012/99/4 3013/99/4 3014/99/4 3015/99/4 3016/99/4 3017/99/4 3018/99/4
f 3019/99/5 3020/99/5 3021/99/5 3022/99/5 3023/99/5 3024/99/5 3025/99/5
usemtl MI_Palette_Chrome
f 3026/97/997 3027/97/997 3028/97/997 3029/97/997
f 3027/97/3 3030/97/3 3031/97/3 3028/97/3
f 3030/97/998 3032/97/998 3033/97/998 3031/97/998
f 3032/97/2 3034/97/2 3035/97/2 3033/97/2
f 3034/97/999 3036/97/999 3037/97/999 3035/97/999
f 3036/97/2 3038/97/2 3039/97/2 3037/97/2
f 3038/97/1000 3040/97/1000 3041/97/1000 3039/97/1000
f 3040/97/2 3026/97/2 3029/97/2 3041/97/2
f 3026/97/6 3040/97/6 3038/97/6
f 3036/97/6 3034/97/6 3032/97/6
f 3036/97/6 3032/97/6 3030/97/6
f 3038/97/6 3036/97/6 3030/97/6
f 3038/97/6 3030/97/6 3027/97/6
f 3038/97/6 3027/97/6 3026/97/6
f 3041/97/1 3029/97/1 3028/97/1
f 3031/97/1 3033/97/1 3035/97/1
f 3031/97/1 3035/97/1 3037/97/1
f 3028/97/1 3031/97/1 3037/97/1
f 3028/97/1 3037/97/1 3039/97/1
f 3028/97/1 3039/97/1 3041/97/1
f 3042/97/1001 3043/97/1001 3044/97/1001 3045/97/1001
f 3043/97/2 3046/97/2 3047/97/2 3044/97/2
f 3046/97/1002 3048/97/1002 3049/97/1002 3047/97/1002
f 3048/97/3 3050/97/3 3051/97/3 3049/97/3
f 3050/97/1003 3052/97/1003 3053/97/1003 3051/97/1003
f 3052/97/3 3054/97/3 3055/97/3 3053/97/3
f 3054/97/1004 3056/97/1004 3057/97/1004 3055/97/1004
f 3056/97/3 3042/97/3 3045/97/3 3057/97/3
f 3057/97/6 3045/97/6 3044/97/6
f 3047/97/6 3049/97/6 3051/97/6
f 3047/97/6 3051/97/6 3053/97/6
f 3044/97/6 3047/97/6 3053/97/6
f 3044/97/6 3053/97/6 3055/97/6
f 3044/97/6 3055/97/6 3057/97/6
f 3042/97/1 3056/97/1 3054/97/1
f 3052/97/1 3050/97/1 3048/97/1
f 3052/97/1 3048/97/1 3046/97/1
f 3054/97/1 3052/97/1 3046/97/1
f 3054/97/1 3046/97/1 3043/97/1
f 3054/97/1 3043/97/1 3042/97/1
f 3058/97/3 3059/97/3 3060/97/3 3061/97/3
usemtl MI_CarGlass
f 3062/12/1005 3063/12/1005 3064/12/1005 3065/12/1005
f 3066/12/1005 3067/12/1005 3068/12/1005 3069/12/1005
f 3070/12/4 3071/12/4 3072/12/4 3073/12/4
f 3074/12/2 3075/12/2 3076/12/2 3077/12/2
f 3078/12/5 3079/12/5 3080/12/5 3081/12/5
f 3082/12/2 3083/12/2 3084/12/2 3085/12/2
o SM_Van_Park_Wheel_FL
g SM_Van_Park_Wheel_FL
usemtl MI_Palette
f 3086/99/1006 3087/99/133 3088/99/133 3089/99/1006
f 3090/99/4 3091/99/4 3087/99/4 3086/99/4
f 3087/99/133 3092/99/1007 3093/99/1007 3088/99/133
f 3091/99/4 3094/99/4 3092/99/4 3087/99/4
f 3092/99/1007 3095/99/1008 3096/99/1008 3093/99/1007
f 3094/99/4 3097/99/4 3095/99/4 3092/99/4
f 3095/99/1008 3098/99/136 3099/99/136 3096/99/1008
f 3097/99/4 3100/99/4 3098/99/4 3095/99/4
f 3098/99/136 3101/99/1009 3102/99/1009 3099/99/136
f 3100/99/4 3103/99/4 3101/99/4 3098/99/4
f 3101/99/1009 3104/99/1010 3105/99/1010 3102/99/1009
f 3103/99/4 3106/99/4 3104/99/4 3101/99/4
f 3104/99/1010 3107/99/1011 3108/99/1011 3105/99/1010
f 3106/99/4 3109/99/4 3107/99/4 3104/99/4
f 3107/99/1011 3110/99/1012 3111/99/1012 3108/99/1011
f 3109/99/4 3112/99/4 3110/99/4 3107/99/4
f 3110/99/1012 3113/99/1013 3114/99/1013 3111/99/1012
f 3112/99/4 3115/99/4 3113/99/4 3110/99/4
f 3113/99/1013 3116/99/1014 3117/99/1014 3114/99/1013
f 3115/99/4 3118/99/4 3116/99/4 3113/99/4
f 3116/99/1014 3119/99/1015 3120/99/1015 3117/99/1014
f 3118/99/4 3121/99/4 3119/99/4 3116/99/4
f 3119/99/1015 3086/99/1006 3089/99/1006 3120/99/1015
f 3121/99/4 3090/99/4 3086/99/4 3119/99/4
usemtl MI_Palette_Chrome
f 3122/97/4 3091/97/1016 3090/97/1017
f 3122/97/4 3094/97/1018 3091/97/1016
f 3122/97/4 3097/97/1019 3094/97/1018
f 3122/97/4 3100/97/1020 3097/97/1019
f 3122/97/4 3103/97/1021 3100/97/1020
f 3122/97/4 3106/97/1022 3103/97/1021
f 3122/97/4 3109/97/1023 3106/97/1022
f 3122/97/4 3112/97/1024 3109/97/1023
f 3122/97/4 3115/97/1025 3112/97/1024
f 3122/97/4 3118/97/1026 3115/97/1025
f 3122/97/4 3121/97/1027 3118/97/1026
f 3122/97/4 3090/97/1017 3121/97/1027
o SM_Van_Park_Wheel_FR
g SM_Van_Park_Wheel_FR
usemtl MI_Palette
f 3123/99/1009 3124/99/136 3125/99/136 3126/99/1009
f 3127/99/5 3128/99/5 3124/99/5 3123/99/5
f 3124/99/136 3129/99/1008 3130/99/1008 3125/99/136
f 3128/99/5 3131/99/5 3129/99/5 3124/99/5
f 3129/99/1008 3132/99/1007 3133/99/1007 3130/99/1008
f 3131/99/5 3134/99/5 3132/99/5 3129/99/5
f 3132/99/1007 3135/99/133 3136/99/133 3133/99/1007
f 3134/99/5 3137/99/5 3135/99/5 3132/99/5
f 3135/99/133 3138/99/1006 3139/99/1006 3136/99/133
f 3137/99/5 3140/99/5 3138/99/5 3135/99/5
f 3138/99/1006 3141/99/1015 3142/99/1015 3139/99/1006
f 3140/99/5 3143/99/5 3141/99/5 3138/99/5
f 3141/99/1015 3144/99/1014 3145/99/1014 3142/99/1015
f 3143/99/5 3146/99/5 3144/99/5 3141/99/5
f 3144/99/1014 3147/99/1013 3148/99/1013 3145/99/1014
f 3146/99/5 3149/99/5 3147/99/5 3144/99/5
f 3147/99/1013 3150/99/1012 3151/99/1012 3148/99/1013
f 3149/99/5 3152/99/5 3150/99/5 3147/99/5
f 3150/99/1012 3153/99/1011 3154/99/1011 3151/99/1012
f 3152/99/5 3155/99/5 3153/99/5 3150/99/5
f 3153/99/1011 3156/99/1010 3157/99/1010 3154/99/1011
f 3155/99/5 3158/99/5 3156/99/5 3153/99/5
f 3156/99/1010 3123/99/1009 3126/99/1009 3157/99/1010
f 3158/99/5 3127/99/5 3123/99/5 3156/99/5
usemtl MI_Palette_Chrome
f 3159/97/5 3128/97/1028 3127/97/1029
f 3159/97/5 3131/97/1030 3128/97/1028
f 3159/97/5 3134/97/1031 3131/97/1030
f 3159/97/5 3137/97/1032 3134/97/1031
f 3159/97/5 3140/97/1033 3137/97/1032
f 3159/97/5 3143/97/1034 3140/97/1033
f 3159/97/5 3146/97/1035 3143/97/1034
f 3159/97/5 3149/97/1036 3146/97/1035
f 3159/97/5 3152/97/1037 3149/97/1036
f 3159/97/5 3155/97/1038 3152/97/1037
f 3159/97/5 3158/97/1039 3155/97/1038
f 3159/97/5 3127/97/1029 3158/97/1039
o SM_Van_Park_Wheel_RL
g SM_Van_Park_Wheel_RL
usemtl MI_Palette
f 3160/99/1006 3161/99/133 3162/99/133 3163/99/1006
f 3164/99/4 3165/99/4 3161/99/4 3160/99/4
f 3161/99/133 3166/99/1007 3167/99/1007 3162/99/133
f 3165/99/4 3168/99/4 3166/99/4 3161/99/4
f 3166/99/1007 3169/99/1008 3170/99/1008 3167/99/1007
f 3168/99/4 3171/99/4 3169/99/4 3166/99/4
f 3169/99/1008 3172/99/136 3173/99/136 3170/99/1008
f 3171/99/4 3174/99/4 3172/99/4 3169/99/4
f 3172/99/136 3175/99/1009 3176/99/1009 3173/99/136
f 3174/99/4 3177/99/4 3175/99/4 3172/99/4
f 3175/99/1009 3178/99/1010 3179/99/1010 3176/99/1009
f 3177/99/4 3180/99/4 3178/99/4 3175/99/4
f 3178/99/1010 3181/99/1011 3182/99/1011 3179/99/1010
f 3180/99/4 3183/99/4 3181/99/4 3178/99/4
f 3181/99/1011 3184/99/1012 3185/99/1012 3182/99/1011
f 3183/99/4 3186/99/4 3184/99/4 3181/99/4
f 3184/99/1012 3187/99/1013 3188/99/1013 3185/99/1012
f 3186/99/4 3189/99/4 3187/99/4 3184/99/4
f 3187/99/1013 3190/99/1014 3191/99/1014 3188/99/1013
f 3189/99/4 3192/99/4 3190/99/4 3187/99/4
f 3190/99/1014 3193/99/1015 3194/99/1015 3191/99/1014
f 3192/99/4 3195/99/4 3193/99/4 3190/99/4
f 3193/99/1015 3160/99/1006 3163/99/1006 3194/99/1015
f 3195/99/4 3164/99/4 3160/99/4 3193/99/4
usemtl MI_Palette_Chrome
f 3196/97/4 3165/97/1016 3164/97/1017
f 3196/97/4 3168/97/1018 3165/97/1016
f 3196/97/4 3171/97/1019 3168/97/1018
f 3196/97/4 3174/97/1020 3171/97/1019
f 3196/97/4 3177/97/1021 3174/97/1020
f 3196/97/4 3180/97/1022 3177/97/1021
f 3196/97/4 3183/97/1023 3180/97/1022
f 3196/97/4 3186/97/1024 3183/97/1023
f 3196/97/4 3189/97/1025 3186/97/1024
f 3196/97/4 3192/97/1026 3189/97/1025
f 3196/97/4 3195/97/1027 3192/97/1026
f 3196/97/4 3164/97/1017 3195/97/1027
o SM_Van_Park_Wheel_RR
g SM_Van_Park_Wheel_RR
usemtl MI_Palette
f 3197/99/1009 3198/99/136 3199/99/136 3200/99/1009
f 3201/99/5 3202/99/5 3198/99/5 3197/99/5
f 3198/99/136 3203/99/1008 3204/99/1008 3199/99/136
f 3202/99/5 3205/99/5 3203/99/5 3198/99/5
f 3203/99/1008 3206/99/1007 3207/99/1007 3204/99/1008
f 3205/99/5 3208/99/5 3206/99/5 3203/99/5
f 3206/99/1007 3209/99/133 3210/99/133 3207/99/1007
f 3208/99/5 3211/99/5 3209/99/5 3206/99/5
f 3209/99/133 3212/99/1006 3213/99/1006 3210/99/133
f 3211/99/5 3214/99/5 3212/99/5 3209/99/5
f 3212/99/1006 3215/99/1015 3216/99/1015 3213/99/1006
f 3214/99/5 3217/99/5 3215/99/5 3212/99/5
f 3215/99/1015 3218/99/1014 3219/99/1014 3216/99/1015
f 3217/99/5 3220/99/5 3218/99/5 3215/99/5
f 3218/99/1014 3221/99/1013 3222/99/1013 3219/99/1014
f 3220/99/5 3223/99/5 3221/99/5 3218/99/5
f 3221/99/1013 3224/99/1012 3225/99/1012 3222/99/1013
f 3223/99/5 3226/99/5 3224/99/5 3221/99/5
f 3224/99/1012 3227/99/1011 3228/99/1011 3225/99/1012
f 3226/99/5 3229/99/5 3227/99/5 3224/99/5
f 3227/99/1011 3230/99/1010 3231/99/1010 3228/99/1011
f 3229/99/5 3232/99/5 3230/99/5 3227/99/5
f 3230/99/1010 3197/99/1009 3200/99/1009 3231/99/1010
f 3232/99/5 3201/99/5 3197/99/5 3230/99/5
usemtl MI_Palette_Chrome
f 3233/97/5 3202/97/1028 3201/97/1029
f 3233/97/5 3205/97/1030 3202/97/1028
f 3233/97/5 3208/97/1031 3205/97/1030
f 3233/97/5 3211/97/1032 3208/97/1031
f 3233/97/5 3214/97/1033 3211/97/1032
f 3233/97/5 3217/97/1034 3214/97/1033
f 3233/97/5 3220/97/1035 3217/97/1034
f 3233/97/5 3223/97/1036 3220/97/1035
f 3233/97/5 3226/97/1037 3223/97/1036
f 3233/97/5 3229/97/1038 3226/97/1037
f 3233/97/5 3232/97/1039 3229/97/1038
f 3233/97/5 3201/97/1029 3232/97/1039
o SM_Van_Park_Shadow
g SM_Van_Park_Shadow
usemtl MI_BlobShadow
f 3234/5/1 3235/11/1 3236/10/1 3237/2/1
